<sect1 id="zend.service.introduction">
    <title>Úvod</title>
    <para>
        <code>Zend_Service</code> je abstraktní třída, která poskytuje základ
        pro implementaci webových služeb jako je SOAP nebo REST.
    </para>
    <para>
        Pokud potřebuje podporu obecných REST služeb založených na XML, můžete
        se podívat na
        <link linkend="zend.rest.client"><code>Zend_Rest_Client</code></link>.
    </para>
    <para>
        Kromě možností pro rozšíření <code>Zend_Service</code> a použití
        <code>Zend_Rest_Client</code> (pro webové služby založené na REST), Zend
        také nabízí podporu pro populární webové služby. Navštivte následující
        sekce pro detailní informace o každé z podporovaných služeb.
    </para>

    <itemizedlist>
        <listitem>
            <para>
                <link linkend="zend.service.akismet">Akismet</link>
            </para>
        </listitem>
        <listitem>
            <para>
                <link linkend="zend.service.amazon">Amazon</link>
            </para>
        </listitem>
        <listitem>
            <para>
                <link linkend="zend.service.audioscrobbler">Audioscrobbler</link>
            </para>
        </listitem>
        <listitem>
            <para>
                <link linkend="zend.service.delicious">Del.icio.us</link>
            </para>
        </listitem>
        <listitem>
            <para>
                <link linkend="zend.service.flickr">Flickr</link>
            </para>
        </listitem>
        <listitem>
            <para>
                <link linkend="zend.service.slideshare">SlideShare</link>
            </para>
        </listitem>
        <listitem>
            <para>
                <link linkend="zend.service.strikeiron">StrikeIron</link>
            </para>
        </listitem>
        <listitem>
            <para>
                <link linkend="zend.service.yahoo">Yahoo!</link>
            </para>
        </listitem>
    </itemizedlist>

    <para>
        Další služby budou přístupné v budoucnosti.
    </para>

</sect1>
<!--
vim:se ts=4 sw=4 et:
-->
