<sect1 id="zend.json.basics">
    <title>Základní použití</title>
    <para>
        Použití <code>Zend_Json</code> zahrnuje dvě public static metody:
        <code>Zend_Json::encode()</code> a
        <code>Zend_Json::decode()</code>.
    </para>
    <programlisting role="php"><![CDATA[<?php
// Získání hodnoty:
$phpNative = Zend_Json::decode($encodedValue);

// Zakódování hodnoty pro vrácení klientovi:
$json = Zend_Json::encode($phpNative);]]>
    </programlisting>
</sect1>
<!--
vim:se ts=4 sw=4 et:
-->