<?xml version="1.0" encoding="UTF-8"?>
<!-- EN-Revision: 24249 -->
<!-- Reviewed: no -->
<sect1 id="zend.mail.boundary">
    <title>Die MIME Abgrenzung kontrollieren</title>

    <para>
        In einer mehrteiligen Nachricht wird eine <acronym>MIME</acronym> Abgrenzung zum Trennen der
        verschiedenen Nachrichtenteile normalerweise willkürlich generiert. In einigen Fällen
        möchtest Du jedoch die zu verwendene <acronym>MIME</acronym> Abgrenzung selber angeben. Dies
        kann durch die <methodname>setMimeBoundary()</methodname> Methode erreicht werden, wie in
        dem folgenden Beispiel:
    </para>

    <example id="zend.mail.boundary.example-1">
        <title>Die MIME Abgrenzung ändern</title>

        <programlisting language="php"><![CDATA[
$mail = new Zend_Mail();
$mail->setMimeBoundary('=_' . md5(microtime(1) . $someId++));
// erstelle Nachricht...
]]></programlisting>
    </example>
</sect1>
