<?xml version="1.0" encoding="UTF-8"?>
<!-- EN-Revision: 24249 -->
<!-- Reviewed: no -->
<sect1 id="zend.dojo.introduction">
    <title>Einführung</title>

    <para>
        Zend Framework wird mit dem
        <ulink url="http://dojotoolkit.org">Dojo Toolkit</ulink> ausgeliefert um Out-Of-The-Box
        reiche Entwicklung von Internet Anwendungen zu unterstützen. Die Integrationspunkte mit Dojo
        enthalten:
    </para>

    <itemizedlist>
        <listitem><para><acronym>JSON-RPC</acronym> Unterstützung</para></listitem>
        <listitem><para><command>dojo.data</command> Kompatibilität</para></listitem>
        <listitem><para>View Helfer um beim Setup der Dojo Umgebung zu helfen</para></listitem>
        <listitem><para>Dijit-spezifische <classname>Zend_View</classname> Helfer</para></listitem>

        <listitem>
            <para>Dijit-spezifische <classname>Zend_Form</classname> Elemente und Dekoratore</para>
        </listitem>
    </itemizedlist>

    <para>
        Die Dojo Distribution selbst kann im <filename>externals/dojo/</filename> Verzeichnis der
        Zend Framework Distribution gefunden werden. Es ist eine Source Distribution, welche Dojo's
        kompletten Javascript Source enthält, Unit Tests und Build Tools. Man kann das ins eigene
        Javascript Verzeichnis symbolisch linken, es kopieren, oder das Build Tool verwenden um
        einen eigenen Build zu erstellen und ins eigene Projekt zu inkludieren. Alternativ kann
        eines der Content Delivery Networks verwendet werden die Dojo anbietet (Zend Framework
        unterstützt beide, den offiziellen <acronym>AOL</acronym> <acronym>CDN</acronym> sowie den
        Google <acronym>CDN</acronym>).
    </para>
</sect1>
