<?xml version="1.0" encoding="UTF-8"?>
<!-- EN-Revision: 24249 -->
<!-- Reviewed: no -->
<sect2 id="zend.navigation.pages.custom">
    <title>Erstellung eigener Seiten Typen</title>

    <para>
        Wenn <classname>Zend_Navigation_Page</classname> erweiter wird, besteht normalerweise keine
        Notwendigkeit den Constructor oder die Methoden <methodname>setOptions()</methodname> oder
        <methodname>setConfig()</methodname> zu überladen. Der Constructor der Seite nimmt einen
        einzelnen Parameter, ein <type>Array</type> oder ein <classname>Zend_Config</classname>
        Objekt, welches an <methodname>setOptions()</methodname> oder an
        <methodname>setConfig()</methodname> übergeben wird. Diese Methoden rufen dann die
        <methodname>set()</methodname> Methode auf, welche Optionen in native oder eigene
        Eigenschaften mappt. Wenn die Option <property>internal_id</property> angegeben wird, dann
        wird zuerst nach einer Methode geschaut die <methodname>setInternalId()</methodname> heißt
        und die Option wird an diese Methode übergeben wenn Sie existiert. Wenn die Methode nicht
        existiert, wird die Option als eigene Eigenschaft der Seite gesetzt, und ist über
        <command>$internalId = $page->internal_id;</command> oder
        <command>$internalId = $page->get('internal_id');</command> erreichbar.
    </para>

    <example id="zend.navigation.custom.example.simple">
        <title>Die einfachste eigene Seite</title>

        <para>
            Das einzige Ding das eine eigene Seite implementieren muß ist die
            <methodname>getHref()</methodname> Methode.
        </para>

        <programlisting language="php"><![CDATA[
class My_Simple_Page extends Zend_Navigation_Page
{
    public function getHref()
    {
        return 'something-completely-different';
    }
}
]]></programlisting>
    </example>

    <example id="zend.navigation.custom.example.properties">
        <title>Eine eigene Seite mit Eigenschaften</title>

        <para>
            Wenn Eigenschaften an eine erweiterte Seite angefügt werden, gibt es keine
            Notwendigkeit <methodname>setOptions()</methodname> oder
            <methodname>setConfig()</methodname> zu Überladen/Modifizieren.
        </para>

        <programlisting language="php"><![CDATA[
class My_Navigation_Page extends Zend_Navigation_Page
{
    private $_foo;
    private $_fooBar;

    public function setFoo($foo)
    {
        $this->_foo = $foo;
    }

    public function getFoo()
    {
        return $this->_foo;
    }

    public function setFooBar($fooBar)
    {
        $this->_fooBar = $fooBar;
    }

    public function getFooBar()
    {
        return $this->_fooBar;
    }

    public function getHref()
    {
        return $this->foo . '/' . $this->fooBar;
    }
}

// Kann jetzt Erstellt werden mit
$page = new My_Navigation_Page(array(
    'label'   => 'Namen von Eigenschaften werden auf Setter gemappt',
    'foo'     => 'bar',
    'foo_bar' => 'baz'
));

// ...oder
$page = Zend_Navigation_Page::factory(array(
    'type'    => 'My_Navigation_Page',
    'label'   => 'Namen von Eigenschaften werden auf Setter gemappt',
    'foo'     => 'bar',
    'foo_bar' => 'baz'
));
]]></programlisting>
    </example>
</sect2>
