<?xml version="1.0" encoding="UTF-8"?>
<!-- EN-Revision: 24249 -->
<!-- Reviewed: no -->
<sect2 id="zend.application.available-resources.navigation">
    <title>Zend_Application_Resource_Navigation</title>

    <para>
        <classname>Zend_Application_Resource_Navigation</classname> kann verwendet werden um eine
        <classname>Zend_Navigation</classname> Instanz zu konfigurieren. Die Optionen der
        Konfiguration entsprechen <link
            linkend="zend.navigation.pages.common.options">den Optionen von
            <classname>Zend_Navigation</classname></link>.
    </para>

    <para>
        Sobald die Instanz der Navigation konfiguriert wurde, wird diese standardmäßig
        <classname>Zend_View_Helper_Navigation</classname> zugeordnet -- von der es später
        geholt werden kann.
    </para>

    <example id="zend.application.available-resources.navigation.configExample">
        <title>Beispiel der Konfiguration einer Navigations Ressource</title>

        <para>
            Anbei ist ein Beispiel eines <acronym>INI</acronym> Abschnitts der zeigt wir die
            Navigations Ressource konfiguriert wird.
        </para>

        <programlisting language="ini"><![CDATA[
resources.navigation.pages.page1.label = "Überschrift der ersten Zeile"
resources.navigation.pages.page1.route = "Route die der ersten Seite gehört"

; Page 2 is a subpage of page 1
resources.navigation.pages.page1.pages.page2.type = "Zend_Navigation_Page_Uri"
resources.navigation.pages.page1.pages.page2.label = "Überschrift Seite zwei"
resources.navigation.pages.page1.pages.page2.uri = "/url/to/page/2"
]]></programlisting>
    </example>
</sect2>
