<?xml version="1.0" encoding="UTF-8"?>
<!-- EN-Revision: 20855 -->
<!-- Reviewed: no -->
<sect1 id="zend.service.introduction">
    <title>Einführung</title>

    <para>
        <classname>Zend_Service</classname> ist eine abstrakte Klasse welche die Grundlage für
        Web Service Implementationen ist, wie <acronym>SOAP</acronym> oder REST.
    </para>

    <para>
        Wenn Unterstützung für generische, <acronym>XML</acronym>-basierte REST Services sucht,
        sollte sich den <link
            linkend="zend.rest.client"><classname>Zend_Rest_Client</classname></link> anschauen.
    </para>

    <para>
        Zusätzlich zur Möglichkeit <classname>Zend_Service</classname> zu erweitern und
        <classname>Zend_Rest_Client</classname> für REST basierte Web Services zu benutzen,
        bietet Zend Unterstützung für populäre Web Services. Siehe die folgenden
        Sektionen für spezielle Informationen über jedes unterstützte Web Service.
     </para>

    <itemizedlist>
        <listitem><para><link linkend="zend.service.akismet">Akismet</link></para></listitem>
        <listitem><para><link linkend="zend.service.amazon">Amazon</link></para></listitem>
        <listitem>
            <para><link linkend="zend.service.audioscrobbler">Audioscrobbler</link></para>
        </listitem>

        <listitem><para><link linkend="zend.service.delicious">Del.icio.us</link></para></listitem>
        <listitem><para><link linkend="zend.service.flickr">Flickr</link></para></listitem>
        <listitem><para><link linkend="zend.service.livedocx">LiveDocx</link></para></listitem>
        <listitem><para><link linkend="zend.service.recaptcha">ReCaptcha</link></para></listitem>
        <listitem><para><link linkend="zend.service.slideshare">SlideShare</link></para></listitem>
        <listitem><para><link linkend="zend.service.strikeiron">StrikeIron</link></para></listitem>
        <listitem><para><link linkend="zend.service.twitter">Twitter</link></para></listitem>

        <listitem>
            <para><link linkend="zend.service.windowsazure">Windows Azure</link></para>
        </listitem>

        <listitem><para><link linkend="zend.service.yahoo">Yahoo!</link></para></listitem>
    </itemizedlist>

    <para>
        Zusätzliche Services kommen demnächst.
    </para>
</sect1>
