<?xml version="1.0" encoding="UTF-8"?>
<!-- EN-Revision: 21321 -->
<!-- Reviewed: no -->
<sect1 id="zend.application.available-resources" xmlns:xi="http://www.w3.org/2001/XInclude">
    <title>Vorhandene Ressource Plugins</title>

    <para>
        Hier kann man <acronym>API</acronym>-artige Dokumentation über alle Ressource Plugins
        finden die standardmäßig in <classname>Zend_Application</classname> vorhanden sind.
    </para>

    <xi:include href="Zend_Application-AvailableResources-CacheManager.xml" />
    <xi:include href="Zend_Application-AvailableResources-Db.xml" />
    <xi:include href="Zend_Application-AvailableResources-Dojo.xml" />
    <xi:include href="Zend_Application-AvailableResources-Frontcontroller.xml" />
    <xi:include href="Zend_Application-AvailableResources-Layout.xml" />
    <xi:include href="Zend_Application-AvailableResources-Locale.xml" />
    <xi:include href="Zend_Application-AvailableResources-Log.xml" />
    <xi:include href="Zend_Application-AvailableResources-Mail.xml" />
    <xi:include href="Zend_Application-AvailableResources-Modules.xml" />
    <xi:include href="Zend_Application-AvailableResources-Multidb.xml" />
    <xi:include href="Zend_Application-AvailableResources-Navigation.xml" />
    <xi:include href="Zend_Application-AvailableResources-Router.xml" />
    <xi:include href="Zend_Application-AvailableResources-Session.xml" />
    <xi:include href="Zend_Application-AvailableResources-View.xml" />
</sect1>
