<?xml version="1.0" encoding="UTF-8"?>
<!-- EN-Revision: 24249 -->
<!-- Reviewed: no -->
<sect1 id="zend.db.profiler" xmlns:xi="http://www.w3.org/2001/XInclude">
    <title>Zend_Db_Profiler</title>

    <sect2 id="zend.db.profiler.introduction">
        <title>Einführung</title>

        <para>
            <classname>Zend_Db_Profiler</classname> kann aktiviert werden, um das Erstellen von
            Profilen für Abfragen zu erlauben. Die Profile enthalten die Abfragen, die durch den
            Adapter verarbeitet worden sind, sowie die Laufzeit der Abfragen, um die Kontrolle der
            verarbeiteten Abfragen zu ermöglichen, ohne das extra Code für das Debugging zu den
            Klassen hinzugefügt werden muß. Die erweiterte Verwendung ermöglicht den Entwickler
            sogar zu filtern, welche Abfragen aufgezeichnet werden sollen.
        </para>

        <para>
            Der Profiler wird entweder durch die Übergabe eines Parameters an den Konstruktor des
            Adapters oder zu einem späteren Zeitpunkt direkt an den Adapter aktiviert.
        </para>

        <programlisting language="php"><![CDATA[
$params = array(
    'host'     => '127.0.0.1',
    'username' => 'webuser',
    'password' => 'xxxxxxxx',
    'dbname'   => 'test',
    'profiler' => true  // aktiviere den Profiler; false, um ihn zu
                        // deaktivieren (standardmäßig deaktiviert)
);

$db = Zend_Db::factory('PDO_MYSQL', $params);

// deaktiviere Profiler
$db->getProfiler()->setEnabled(false);

// aktiviere Profiler
$db->getProfiler()->setEnabled(true);
]]></programlisting>

        <para>
            Der Wert der <property>profiler</property> Option ist flexibel. Er wird unterschiedlich
            interpretiert, abhängig von seinem Typ. Meistens sollte ein einfacher Boolscher Wert
            verwendet werden, aber andere Typen ermöglichen es das Verhalten des Profilers
            anzupassen.
        </para>

        <para>
            Ein boolsches Argument aktiviert den Profiler wenn es der Wert <constant>TRUE</constant>
            ist, oder schaltet ihn mit <constant>FALSE</constant> aus. Die Profiler Klasse ist die
            Standard Profiler Klasse des Adapters <classname>Zend_Db_Profiler</classname>.
        </para>

        <programlisting language="php"><![CDATA[
$params['profiler'] = true;
$db = Zend_Db::factory('PDO_MYSQL', $params);
]]></programlisting>

        <para>
            Eine Instanz eines Profiler Objektes führt dazu das der Adapter dieses Objekt verwendet.
            Der Typ des Objektes muß hierfür <classname>Zend_Db_Profiler</classname> oder eine
            Subklasse sein. Der Profiler muß separat eingeschaltet werden.
        </para>

        <programlisting language="php"><![CDATA[
$profiler = MyProject_Db_Profiler();
$profiler->setEnabled(true);
$params['profiler'] = $profiler;
$db = Zend_Db::factory('PDO_MYSQL', $params);
]]></programlisting>

        <para>
            Ein Argument kann ein assoziatives Array sein das eines oder alle der folgenden
            Schlüssel enthält: '<property>enabled</property>', '<property>instance</property>', oder
            '<property>class</property>'. Die Schlüssel '<property>enabled</property>' und
            '<property>instance</property>' korrespondieren zu den zuvor dokumentierten boolschen
            und Instanz Typen. Der '<property>class</property>' Schlüssel wird verwendet um die
            Klasse die für einen eigenen Profiler verwendet werden soll, zu benennen. Die Klasse muß
            <classname>Zend_Db_Profiler</classname> oder eine Subklasse sein. Die Klasse wird ohne
            Konstruktor Argumente instanziert. Die '<property>class</property>' Option wird
            ignoriert wenn die '<property>instance</property>' Option angegeben wurde.
        </para>

        <programlisting language="php"><![CDATA[
$params['profiler'] = array(
    'enabled' => true,
    'class'   => 'MyProject_Db_Profiler'
);
$db = Zend_Db::factory('PDO_MYSQL', $params);
]]></programlisting>

        <para>
            Letztendlich kann das Argument ein Objekt des Typs <classname>Zend_Config</classname>
            sein das Eigenschaften enthält welche als Array Schlüssel verwendet werden wie anbei
            beschrieben. Zum Beispiel könnte die Datei "<filename>config.ini</filename>" die
            folgenden Daten enthalten:
        </para>

        <programlisting language="php"><![CDATA[
[main]
db.profiler.class   = "MyProject_Db_Profiler"
db.profiler.enabled = true
]]></programlisting>

        <para>
            Diese Konfiguration kann durch den folgenden <acronym>PHP</acronym> Code angesprochen
            werden:
        </para>

        <programlisting language="php"><![CDATA[
$config = new Zend_Config_Ini('config.ini', 'main');
$params['profiler'] = $config->db->profiler;
$db = Zend_Db::factory('PDO_MYSQL', $params);
]]></programlisting>

        <para>
            Die Eigenschaft '<property>instance</property>' kann wie folgt verwendet werden:
        </para>

        <programlisting language="php"><![CDATA[
$profiler = new MyProject_Db_Profiler();
$profiler->setEnabled(true);
$configData = array(
    'instance' => $profiler
    );
$config = new Zend_Config($configData);
$params['profiler'] = $config;
$db = Zend_Db::factory('PDO_MYSQL', $params);
]]></programlisting>
    </sect2>

    <sect2 id="zend.db.profiler.using">
        <title>Den Profiler verwenden</title>

        <para>
            Der Profiler kann jederzeit über die Adapter Methode
            <methodname>getProfiler()</methodname> geholt werden:
        </para>

        <programlisting language="php"><![CDATA[
$profiler = $db->getProfiler();
]]></programlisting>

        <para>
            Dies gibt eine <classname>Zend_Db_Profiler</classname> Objektinstanz zurück. Mit dieser
            Instanz kann der Entwickler seine Abfragen mit Hilfe von verschiedenen Methoden
            untersuchen:
        </para>

        <itemizedlist>
            <listitem>
                <para>
                    <methodname>getTotalNumQueries()</methodname> gibt die Gesamtzeit aller
                    aufgezeichneten Abfragen zurück.
                </para>
            </listitem>

            <listitem>
                <para>
                    <methodname>getTotalElapsedSecs()</methodname> gibt die gesamte Anzahl an
                    Sekunden für alle aufgezeichneten Abfragen zurück.
                </para>
            </listitem>

            <listitem>
                <para>
                    <methodname>getQueryProfiles()</methodname> gibt ein Array mit allen
                    aufgezeichneten Abfragen zurück.
                </para>
            </listitem>

            <listitem>
                <para>
                    <methodname>getLastQueryProfile()</methodname> gibt das Profil der letzten
                    (neuesten) Abfrage zurück, gleichgültig ob die Abfrage beendet werden konnte
                    oder nicht (wenn nicht, wird die Endzeit <constant>NULL</constant> sein)
                </para>
            </listitem>

            <listitem>
                <para>
                    <methodname>clear()</methodname> löscht jedes vorherige Abfrageprofile vom
                    Stapel.
                </para>
            </listitem>
        </itemizedlist>

        <para>
            Der Rückgabewert von <methodname>getLastQueryProfile()</methodname> und die einzelnen
            Elemente von <methodname>getQueryProfiles()</methodname> sind
            <classname>Zend_Db_Profiler_Query</classname> Objekte, welche die Möglichkeit bieten,
            die individuellen Abfragen zu untersuchen:
        </para>

        <itemizedlist>
            <listitem>
                <para>
                    <methodname>getQuery()</methodname> gibt den <acronym>SQL</acronym> Text der
                    Abfrage zurück. Der <acronym>SQL</acronym> Text des vorbereiteten Statements mit
                    Parametern ist der Text, zu der Zeit als die Abfrage vorbereitet wurde, er
                    enthält also Platzhalter für Parameter, nicht die Werte die verwendet werden
                    wenn das Statement ausgeführt wird.
                </para>
            </listitem>

            <listitem>
                <para>
                    <methodname>getQueryParams()</methodname> gibt ein Array von Parameter Werten
                    zurück die verwendet werden wenn eine vorbereitete Abfrage ausgeführt wird. Das
                    beinhaltet beide, gebundene Parameter und Argumente für die
                    <methodname>execute()</methodname> Methode des Statements. Die Schlüssel des
                    Arrays sind die Positionierten (1-basierend) oder benannten (Zeichenkette)
                    Parameter Indezes.
                </para>
            </listitem>

            <listitem>
                <para>
                    <methodname>getElapsedSecs()</methodname> gibt die Anzahl der Sekunden zurück,
                    wie lange die Abfrage gelaufen ist.
                </para>
            </listitem>
        </itemizedlist>

        <para>
            Die Informationen, die <classname>Zend_Db_Profiler</classname> bereitstellt, sind
            nützlich, um Engpässe in der Anwendung zu ermitteln und um Abfragen zu überprüfen, die
            durchgeführt worden sind. Um zum Beispiel die genaue Abfrage zu sehen, die zuletzt
            durchgeführt worden ist:
        </para>

        <programlisting language="php"><![CDATA[
$query = $profiler->getLastQueryProfile();

echo $query->getQuery();
]]></programlisting>

        <para>
            Vielleicht wird eine Seite langsam erstellt; verwende den Profiler, um zuerst die
            gesamte Laufzeit aller Abfragen zu ermitteln und dann durchlaufe die Abfragen, um die
            am längsten laufende zu finden:
        </para>

        <programlisting language="php"><![CDATA[
$totalTime    = $profiler->getTotalElapsedSecs();
$queryCount   = $profiler->getTotalNumQueries();
$longestTime  = 0;
$longestQuery = null;

foreach ($profiler->getQueryProfiles() as $query) {
    if ($query->getElapsedSecs() > $longestTime) {
        $longestTime  = $query->getElapsedSecs();
        $longestQuery = $query->getQuery();
    }
}

echo 'Executed ' . $queryCount . ' queries in ' . $totalTime .
     ' seconds' . "\n";
echo 'Average query length: ' . $totalTime / $queryCount .
     ' seconds' . "\n";
echo 'Queries per second: ' . $queryCount / $totalTime . "\n";
echo 'Longest query length: ' . $longestTime . "\n";
echo "Longest query: \n" . $longestQuery . "\n";
]]></programlisting>
    </sect2>

    <sect2 id="zend.db.profiler.advanced">
        <title>Fortgeschrittene Profiler Verwendung</title>

        <para>
            Zusätzlich zum Untersuchen von Anfragen erlaubt der Profiler dem Entwickler auch zu
            filtern, welche Abfragen aufgezeichnet werden sollen. Die folgenden Methoden arbeiten
            mit einer <classname>Zend_Db_Profiler</classname> Instanz:
        </para>

        <sect3 id="zend.db.profiler.advanced.filtertime">
            <title>Filtern anhand der Laufzeit der Abfragen</title>

            <para>
                <methodname>setFilterElapsedSecs()</methodname> ermöglicht dem Entwickler, eine
                minimale Laufzeit anzugeben, bevor eine Abfrage aufzeichnet werden soll. Um den
                Filter zu entfernen, muss nur der Wert <constant>NULL</constant> an die Methode
                übergeben werden.
            </para>

            <programlisting language="php"><![CDATA[
// Zeichne nur Abfragen auf, die mindestens 5 Sekunden laufen:
$profiler->setFilterElapsedSecs(5);

// Zeichne alle Abfragen unabhängig von deren Laufzeit auf:
$profiler->setFilterElapsedSecs(null);
]]></programlisting>
        </sect3>

        <sect3 id="zend.db.profiler.advanced.filtertype">
            <title>Filtern anhand des Abfragetyp</title>

            <para>
                <methodname>setFilterQueryType()</methodname> ermöglicht dem Entwickler anzugeben,
                welche Abfragetypen aufgezeichnet werden sollen; um mehrere Typen aufzuzeichnen,
                verwende das logische OR. Abfragetypen sind mit den folgenden
                <classname>Zend_Db_Profiler</classname> Konstanten definiert:
            </para>

            <itemizedlist>
                <listitem>
                    <para>
                        <constant>Zend_Db_Profiler::CONNECT</constant>: Verbindungsoperationen
                        oder Auswahl einer Datenbank .
                    </para>
                </listitem>

                <listitem>
                    <para>
                        <constant>Zend_Db_Profiler::QUERY</constant>: allgemeine
                        Datenbankabfragen, die keinem der anderen Typen entsprechen.
                    </para>
                </listitem>

                <listitem>
                    <para>
                        <constant>Zend_Db_Profiler::INSERT</constant>: jede Abfrage, die neue
                        Daten zur Datenbank hinzufügt, normalerweise ein <acronym>SQL</acronym>
                        <acronym>INSERT</acronym>.
                    </para>
                </listitem>

                <listitem>
                    <para>
                        <constant>Zend_Db_Profiler::UPDATE</constant>: jede Abfrage, die
                        vorhandene Daten aktualisiert, normalerweise ein <acronym>SQL</acronym>
                        <acronym>UPDATE</acronym>.
                    </para>
                </listitem>

                <listitem>
                    <para>
                        <constant>Zend_Db_Profiler::DELETE</constant>: jede Abfrage, die
                        vorhandene Daten löscht, normalerweise ein <acronym>SQL</acronym>
                        <constant>DELETE</constant>.
                    </para>
                </listitem>

                <listitem>
                    <para>
                        <constant>Zend_Db_Profiler::SELECT</constant>: jede Abfrage, die
                        vorhandene Daten selektiert, normalerweise ein <acronym>SQL</acronym>
                        <acronym>SELECT</acronym>.
                    </para>
                </listitem>

                <listitem>
                    <para>
                        <constant>Zend_Db_Profiler::TRANSACTION</constant>: jede
                        Transaktionsoperation, wie zum Beispiel START TRANSACTION, COMMIT oder
                        ROLLBACK.
                    </para>
                </listitem>
            </itemizedlist>

            <para>
                Mit <methodname>setFilterElapsedSecs()</methodname> kannst du jeden vorhandenen
                Filtern entfernen, indem du <constant>NULL</constant> als einziges Argument
                übergibst.
            </para>

            <programlisting language="php"><![CDATA[
// zeichne nur SELECT Abfragen auf
$profiler->setFilterQueryType(Zend_Db_Profiler::SELECT);

// zeichne SELECT, INSERT und UPDATE Abfragen auf
$profiler->setFilterQueryType(Zend_Db_Profiler::SELECT |
                              Zend_Db_Profiler::INSERT |
                              Zend_Db_Profiler::UPDATE);

// zeichne DELETE Abfragen auf
$profiler->setFilterQueryType(Zend_Db_Profiler::DELETE);

// Remove all filters
$profiler->setFilterQueryType(null);
]]></programlisting>
        </sect3>

        <sect3 id="zend.db.profiler.advanced.getbytype">
            <title>Hole Profil nach Abfragetyp zurück</title>

            <para>
                Die Verwendung von <methodname>setFilterQueryType()</methodname> kann die Anzahl
                der aufgezeichneten Abfragen reduzieren. Allerdings kann es sinnvoller sein, alle
                Abfragen auzuzeichnen, baer nur diese anzuschauen, die im Moment gebraucht werden.
                Ein weiteres Feature von <methodname>getQueryProfiles()</methodname> ist das
                Filtern der Abfragen "on-the-fly" durch Übergabe eines Abfragetyps (oder eine
                logischen Kombination von Abfragetypen) als erstes Argument; beachte
                <link linkend="zend.db.profiler.advanced.filtertype">dieses Kapitel</link> für eine
                Liste der Konstanten für Abfragetypen.
            </para>

            <programlisting language="php"><![CDATA[
// Hole nur SELECT Abfragen zurück
$profiles = $profiler->getQueryProfiles(Zend_Db_Profiler::SELECT);

// Hole nur SELECT, INSERT un UPDATE Abfragen zurück
$profiles = $profiler->getQueryProfiles(Zend_Db_Profiler::SELECT |
                                        Zend_Db_Profiler::INSERT |
                                        Zend_Db_Profiler::UPDATE);

// Hole DELETE Abfragen zurück
$profiles = $profiler->getQueryProfiles(Zend_Db_Profiler::DELETE);
]]></programlisting>
        </sect3>
    </sect2>

    <sect2 id="zend.db.profiler.profilers">
        <title>Specialized Profilers</title>

        <para>
            Ein spezialisierter Profiler ist ein Objekt das von
            <classname>Zend_Db_Profiler</classname> abgeleitet ist. Spezialisierte Profiler
            behandeln die Profilinginformationen auf speziellen Wegen.
        </para>

        <xi:include href="Zend_Db_Profiler-Firebug.xml" />
    </sect2>
</sect1>
