<?xml version="1.0" encoding="UTF-8"?>
<!-- EN-Revision: 24249 -->
<!-- Reviewed: no -->
<sect1 id="zend.rest.introduction">
    <title>Einführung</title>

    <para>
        REST Web Services verwenden ein service-spezifisches <acronym>XML</acronym> Format. Dieser
        ad-hoc Standard bedeutet, dass die Art des Zugriffs auf einen REST Web Service, für jeden
        Service unterschiedlich ist. REST Web Services verwenden typischerweise
        <acronym>URL</acronym> Parameter (<constant>GET</constant> Daten) oder Pfad Informationen
        für die Anfrage von Daten und POST Daten für das Senden von Daten.
    </para>

    <para>
        Zend Framework bietet beide Möglichkeiten, Client und Server, welche, wenn Sie zusammen
        benutzt werden, eine viel größere "logische" Interface Erfahrung über den Zugriff, auf
        virtuelle Objekt Eigenschaften erlauben. Die Server Komponente bietet automatische
        Darstellung von Funktionen und Klassen und verwendet ein bedeutungsvolles und einfaches
        <acronym>XML</acronym> Format. Beim Zugriff auf solche Services mit dem Client, ist es
        möglich, die zurückgegebenen Daten vom Entfernten Aufruf einfachst zu erhalten. Sollte es
        gewünscht sein den Client mit einem nicht-Zend_Rest_Server basierenden Service zu verwenden,
        bietet er immer noch vereinfachten Zugriff auf die Daten.
    </para>

    <para>
        Zusätzlich zu den Komponenten <classname>Zend_Rest_Server</classname> und
        <classname>Zend_Rest_Client</classname> bieten die Klassen <link
            linkend="zend.controller.router.routes.rest"><classname>Zend_Rest_Route</classname> und
            <classname>Zend_Rest_Controller</classname></link> Hilfe beim Routen von REST Anfragen
        zum Controller.
    </para>
</sect1>
