<?xml version="1.0" encoding="UTF-8"?>
<!-- EN-Revision: 24249 -->
<!-- Reviewed: no -->
<sect2 id="zend.filter.set.int">
    <title>Int</title>

    <para>
        <classname>Zend_Filter_Int</classname> erlaubt es einen skalaren Wert in einen Integer Wert
        zu konvertieren.
    </para>

    <sect3 id="zend.filter.set.int.options">
        <title>Unterstützte Optionen für Zend_Filter_Int</title>

        <para>
            Es gibt keine zusätzlichen Optionen für <classname>Zend_Filter_Int</classname>.
        </para>
    </sect3>

    <sect3 id="zend.filter.set.int.basic">
        <title>Einfache Verwendung</title>

        <para>
            Ein einfaches Beispiel der Verwendung ist nachfolgend zu finden:
        </para>

        <programlisting language="php"><![CDATA[
$filter = new Zend_Filter_Int();

print $filter->filter('-4 ist weniger als 0');
]]></programlisting>

        <para>
            Das gibt '-4' zurück.
        </para>
    </sect3>
</sect2>
