<?xml version="1.0" encoding="UTF-8"?>
<!-- EN-Revision: 24249 -->
<!-- Reviewed: 21358 -->
<sect1 id="zend.dom.introduction">
    <title>Einführung</title>

    <para>
        <classname>Zend_Dom</classname> bietet Werkzeuge für das Arbeiten mit
        <acronym>DOM</acronym>-Dokumenten und -Strukturen. Aktuell bieten wir
        <classname>Zend_Dom_Query</classname> an, welches über eine einheitliche Schnittstelle für
        Abfragen von <acronym>DOM</acronym>-Dokumenten verfügt und sowohl XPath als auch
        <acronym>CSS</acronym>-Selektoren verwendet.
    </para>
</sect1>
