<?xml version="1.0" encoding="UTF-8"?>
<!-- EN-Revision: 24249 -->
<!-- Reviewed: no -->
<sect1 id="zend.dojo.view" xmlns:xi="http://www.w3.org/2001/XInclude">
    <title>Dojo View Helfer</title>

    <para>
        Zend Framework bietet die folgenden Dojo-spezifischen View Helfer:
    </para>

    <itemizedlist>
        <listitem>
            <para>
                <emphasis><methodname>dojo()</methodname>:</emphasis> Erstellt die Dojo Umgebung für
                die eigene Seite, inklusive der Werte für die Dojo Konfiguration, eigene Modulpfade,
                benötigte Modulstatements, Themenstylesheets, <acronym>CDN</acronym> Verwendung, und
                vieles mehr.
            </para>
        </listitem>
    </itemizedlist>

    <example id="zend.dojo.view.setup">
        <title>Dojo View Helfer verwenden</title>

        <para>
            Um die Dojo View Helfer zu verwenden muß man dem View Objekt mitteilen wo Sie zu finden
            sind. Das kann durch den Aufruf von <methodname>addHelperPath()</methodname> getan
            werden:
        </para>

        <programlisting language="php"><![CDATA[
$view->addHelperPath('Zend/Dojo/View/Helper/', 'Zend_Dojo_View_Helper');
]]></programlisting>

        <para>
            Alternativ kann <classname>Zend_Dojo</classname>'s
            <methodname>enableView()</methodname> Methode verwendet werden um einem die Arbeit
            abzunehmen:
        </para>

        <programlisting language="php"><![CDATA[
Zend_Dojo::enableView($view);
]]></programlisting>
    </example>

    <xi:include href="Zend_Dojo-View-Dojo.xml" />
    <xi:include href="Zend_Dojo-View-Helpers.xml" />
</sect1>
