<?xml version="1.0" encoding="UTF-8"?>
<!-- EN-Revision: 24249 -->
<!-- Reviewed: no -->
<sect1 id="zend.pdf.introduction">
    <!-- @todo review and revise upon completion of refactoring -->
    <title>Einführung</title>

    <para>
        Die Komponente <classname>Zend_Pdf</classname> ist eine Manipulations Engine für
        <acronym>PDF</acronym> (Portable Document Format). Es kann Dokumente laden, erstellen,
        verändern und speichern. Deswegen kann es jeder <acronym>PHP</acronym> Anwendung helfen
        <acronym>PDF</acronym> Dokumente dynamisch zu erstellen indem bestehende Dokumente verändert
        oder neue von Grund auf erzeugt werden. <classname>Zend_Pdf</classname> bietet die folgenden
        Features:

        <itemizedlist>
            <listitem>
                <para>
                    Erstellen von neuen Dokumenten oder Laden von vorhandenen Dokumenten.

                    <footnote>
                        <para>
                            Das Laden von <acronym>PDF</acronym> V1.4 (Acrobat 5) Dokumenten wird
                            derzeit unterstützt.
                        </para>
                    </footnote>
                </para>
            </listitem>

            <listitem>
                <para>Rückgabe einer vorgegebenen Revision eines Dokuments.</para>
            </listitem>

            <listitem>
                <para>
                    Verändern von Seiten innerhalb eines Dokuments. Ändern der Seitensortierung,
                    Hinzufügen von neuen Seiten, Entfernen von Seiten aus einem Dokument.
                </para>
            </listitem>

            <listitem>
                <para>
                    Verschiedene einfache Grafikelemente (Linien, Rechtecke, Polygon, Kreise,
                    Ellipsen und Kreisausschnitte).
                </para>
            </listitem>

            <listitem>
                <para>
                    Zeichnen von Texten unter Verwendung eines von 14 eingebauten Standard
                    Zeichensätzen oder deiner eigenen TrueType Zeichensätze.
                </para>
            </listitem>

            <listitem>
                <para>Drehungen.</para>
            </listitem>

            <listitem>
                <para>
                    Zeichnen von Grafiken.

                    <footnote>
                        <para>
                            JPG, PNG [Bis zu 8bit per channel+Alpha] und TIFF Grafiken werden
                            unterstützt.
                        </para>
                    </footnote>
                </para>
            </listitem>

            <listitem>
                <para>Schrittweise Aktualisierung von <acronym>PDF</acronym> Dateien.</para>
            </listitem>
        </itemizedlist>
    </para>
</sect1>
