<?xml version="1.0" encoding="UTF-8"?>
<!-- EN-Revision: 24249 -->
<!-- Reviewed: no -->
<sect1 id="zend.markup.introduction">
    <title>Einführung</title>

    <para>
        Die Komponente <classname>Zend_Markup</classname> bietet einen erweiterbaren Weg für das
        Parsen von Text und die Darstellung von leichtgewichtigen Markup Sprachen wie BBcode.
        Sie ist ab Zend Framework Version 1.10 vorhanden.
    </para>

    <para>
        <classname>Zend_Markup</classname> verwendet eine Factory Methode um eine Instanz eines
        Renderers zu instanzieren der <classname>Zend_Markup_Renderer_Abstract</classname>
        erweitert. Die Factory Methode akzeptiert drei Argumente. Der erste ist der Parser welcher
        verwendet wird um den Text in Token zu zerlegen (z.B. BbCode). Der zweite (optionale)
        Parameter ist der Renderer der verwendet wird. Er ist standardmäßig <acronym>HTML</acronym>.
        Drittens ein Array mit Optionen die spezifiziert werden können und mit dem Renderer
        verwendet werden.
    </para>
</sect1>
