<?xml version="1.0" encoding="UTF-8"?>
<!-- EN-Revision: 24249 -->
<!-- Reviewed: no -->
<sect1 id="zend.ldap.usage">
    <title>Szenarien der Verwendung</title>

    <sect2 id="zend.ldap.usage.authentication">
        <title>Szenarien der Authentifizierung</title>

        <sect3 id="zend.ldap.usage.authentication.openldap">
            <title>OpenLDAP</title>
            <para/>
        </sect3>

        <sect3 id="zend.ldap.usage.authentication.activedirectory">
            <title>ActiveDirectory</title>
            <para/>
        </sect3>
    </sect2>

    <sect2 id="zend.ldap.usage.basic">
        <title>Grundsätzliche CRUD Operationen</title>

        <sect3 id="zend.ldap.usage.basic.retrieve">
            <title>Daten von LDAP empfangen</title>

            <example id="zend.ldap.usage.basic.retrieve.dn">
                <title>Einen Eintrag durch seinen DN erhalten</title>

                <programlisting language="php"><![CDATA[
$options = array(/* ... */);
$ldap = new Zend_Ldap($options);
$ldap->bind();
$hm = $ldap->getEntry('cn=Hugo Müller,ou=People,dc=my,dc=local');
/*
$hm is an array of the following structure
array(
    'dn'          => 'cn=Hugo Müller,ou=People,dc=my,dc=local',
    'cn'          => array('Hugo Müller'),
    'sn'          => array('Müller'),
    'objectclass' => array('inetOrgPerson', 'top'),
    ...
)
*/
]]></programlisting>
            </example>

            <example id="zend.ldap.usage.basic.retrieve.exists">
                <title>Die Existenz eines angegebenen DN prüfen</title>

                <programlisting language="php"><![CDATA[
$options = array(/* ... */);
$ldap = new Zend_Ldap($options);
$ldap->bind();
$isThere = $ldap->exists('cn=Hugo Müller,ou=People,dc=my,dc=local');
]]></programlisting>
            </example>

            <example id="zend.ldap.usage.basic.retrieve.counting-children">
                <title>Kinder eines angegebenen DN zählen</title>

                <programlisting language="php"><![CDATA[
$options = array(/* ... */);
$ldap = new Zend_Ldap($options);
$ldap->bind();
$childrenCount = $ldap->countChildren(
                            'cn=Hugo Müller,ou=People,dc=my,dc=local');
]]></programlisting>
            </example>

            <example id="zend.ldap.usage.basic.retrieve.search">
                <title>Im LDAP Baum suchen</title>

                <programlisting language="php"><![CDATA[
$options = array(/* ... */);
$ldap = new Zend_Ldap($options);
$ldap->bind();
$result = $ldap->search('(objectclass=*)',
                        'ou=People,dc=my,dc=local',
                        Zend_Ldap_Ext::SEARCH_SCOPE_ONE);
foreach ($result as $item) {
    echo $item["dn"] . ': ' . $item['cn'][0] . PHP_EOL;
}
]]></programlisting>
            </example>
        </sect3>

        <sect3 id="zend.ldap.usage.basic.add">
            <title>Daten zu LDAP hinzufügen</title>

            <example>
                <title>Einen neuen Eintrag zu LDAP hinzufügen</title>

                <programlisting language="php"><![CDATA[
$options = array(/* ... */);
$ldap = new Zend_Ldap($options);
$ldap->bind();
$entry = array();
Zend_Ldap_Attribute::setAttribute($entry, 'cn', 'Hans Meier');
Zend_Ldap_Attribute::setAttribute($entry, 'sn', 'Meier');
Zend_Ldap_Attribute::setAttribute($entry, 'objectClass', 'inetOrgPerson');
$ldap->add('cn=Hans Meier,ou=People,dc=my,dc=local', $entry);
]]></programlisting>
            </example>
        </sect3>

        <sect3 id="zend.ldap.usage.basic.delete">
            <title>In LDAP löschen</title>

            <example>
                <title>Einen existierenden Eintrag von LDAP löschen</title>

                <programlisting language="php"><![CDATA[
$options = array(/* ... */);
$ldap = new Zend_Ldap($options);
$ldap->bind();
$ldap->delete('cn=Hans Meier,ou=People,dc=my,dc=local');
]]></programlisting>
            </example>
        </sect3>

        <sect3 id="zend.ldap.usage.basic.update">
            <title>LDAP aktualisieren</title>

            <example>
                <title>Einen existierenden Eintrag in LDAP aktualisieren</title>

                <programlisting language="php"><![CDATA[
$options = array(/* ... */);
$ldap = new Zend_Ldap($options);
$ldap->bind();
$hm = $ldap->getEntry('cn=Hugo Müller,ou=People,dc=my,dc=local');
Zend_Ldap_Attribute::setAttribute($hm, 'mail', 'mueller@my.local');
Zend_Ldap_Attribute::setPassword($hm,
                                 'newPa$$w0rd',
                                 Zend_Ldap_Attribute::PASSWORD_HASH_SHA1);
$ldap->update('cn=Hugo Müller,ou=People,dc=my,dc=local', $hm);
]]></programlisting>
            </example>
        </sect3>
    </sect2>

    <sect2 id="zend.ldap.usage.extended">
        <title>Erweiterte Operationen</title>

        <sect3 id="zend.ldap.usage.extended.copy-and-move">
            <title>Kopieren und Verschieben von Einträgen in LDAP</title>

            <example id="zend.ldap.usage.extended.copy-and-move.copy">
                <title>Einen LDAP Eintrag mit allen seinen Abhängigkeiten rekursiv kopieren</title>

                <programlisting language="php"><![CDATA[
$options = array(/* ... */);
$ldap = new Zend_Ldap($options);
$ldap->bind();
$ldap->copy('cn=Hugo Müller,ou=People,dc=my,dc=local',
            'cn=Hans Meier,ou=People,dc=my,dc=local',
            true);
]]></programlisting>
            </example>

            <example id="zend.ldap.usage.extended.copy-and-move.move-to-subtree">
                <title>
                    Einen LDAP Eintrag rekursiv in einen anderen Unterbaum verschieben mit allen
                    seinen Abhängigkeiten
                </title>

                <programlisting language="php"><![CDATA[
$options = array(/* ... */);
$ldap = new Zend_Ldap($options);
$ldap->bind();
$ldap->moveToSubtree('cn=Hugo Müller,ou=People,dc=my,dc=local',
                     'ou=Dismissed,dc=my,dc=local',
                     true);
]]></programlisting>
            </example>
        </sect3>
    </sect2>
</sect1>
