<?xml version="1.0" encoding="UTF-8"?>
<!-- EN-Revision: 24249 -->
<!-- Reviewed: no -->
<sect1 id="zend.barcode.introduction">
    <title>Einführung</title>

    <para>
        <classname>Zend_Barcode</classname> bietet einen generischen Weg um Barcode zu erzeugen. Die
        <classname>Zend_Barcode</classname> Komponente ist in zwei Unterkomponenten unterteilt:
        Barcode Objekte und Renderer. Objekte erlauben es Barcodes unabhängig von Renderern zu
        erstellen. Renderer erlauben es Barcodes basieren auf der benötigten Unterstützung zu
        zeichnen.
    </para>
</sect1>
