<?xml version="1.0" encoding="UTF-8"?>
<!-- EN-Revision: 24249 -->
<!-- Reviewed: 15814 -->
<sect1 id="zend.application.introduction">
    <title>Einführung</title>

    <para>
        <classname>Zend_Application</classname> bietet eine Möglichkeit des Bootstrappings für
        Anwendungen für wiederverwendbare Ressourcen, Normal- und Modul-basierende
        Bootstrap-Klassen und der Prüfung deren Abhängigkeit. Es kümmert sich auch um die
        Einstellungen für die <acronym>PHP</acronym>-Umgebung und leitet standardmäßig Autoloading ein.
    </para>
</sect1>
