<?xml version="1.0" encoding="UTF-8"?>
<!-- EN-Revision: 24249 -->
<!-- Reviewed: no -->
<sect1 id="zend.mail.smtp-secure">
    <title>SMTP Übertragungen sichern</title>

    <para>
        <classname>Zend_Mail</classname> unterstützt die Verwendung von TLS oder
        <acronym>SSL</acronym> um SMTP Verbindungen zu sichern. Das kann eingeschaltet werden durch
        das Übergeben des 'ssl' Parameters an das Konfigurationsarray im
        <classname>Zend_Mail_Transport_Smtp</classname> Konstruktor indem entweder der Wert 'ssl'
        oder 'tls' übergeben wird. Ein Port kann optional angegeben werden, andernfalls ist er
        standardmäßig 25 für TLS oder 465 für <acronym>SSL</acronym>.
    </para>

    <example id="zend.mail.smtp-secure.example-1">
        <title>Aktivieren einer sicheren Verbindung innerhalb von Zend_Mail_Transport_Smtp</title>

        <programlisting language="php"><![CDATA[
$config = array('ssl' => 'tls',
                'port' => 25); // Optionale unterstützte Portnummer

$transport = new Zend_Mail_Transport_Smtp('mail.server.com', $config);

$mail = new Zend_Mail();
$mail->setBodyText('Das ist der Text der Mail.');
$mail->setFrom('sender@test.com', 'Einige Sender');
$mail->addTo('recipient@test.com', 'Einige Empfänger');
$mail->setSubject('TestBetreff');
$mail->send($transport);
]]></programlisting>
    </example>
</sect1>
