<?xml version="1.0" encoding="UTF-8"?>
<!-- EN-Revision: 20819 -->
<!-- Reviewed: no -->
<sect1 id="zend.mail.different-transports">
    <title>Verwendung von unterschiedlichen Versandwegen</title>

    <para>
        Falls du verschiedene E-Mails über verschiedene Verbindungen versenden möchtest, kannst du
        das Transport Objekt auch ohne vorherigen Aufruf von
        <methodname>setDefaultTransport()</methodname> direkt an <methodname>send()</methodname>
        übergeben. Das übergebene Objekt wird den standardmäßigen Versandweg für die aktuellen
        Anfrage von <methodname>send()</methodname> überschreiben.
    </para>

    <example id="zend.mail.different-transports.example-1">
        <title>Verwendung von unterschiedlichen Transportwegen</title>

        <programlisting language="php"><![CDATA[
$mail = new Zend_Mail();
// erstelle Nachricht...
$tr1 = new Zend_Mail_Transport_Smtp('server@example.com');
$tr2 = new Zend_Mail_Transport_Smtp('other_server@example.com');
$mail->send($tr1);
$mail->send($tr2);
$mail->send();  // wieder Standardmethode verwenden
]]></programlisting>
    </example>

    <note>
        <title>Zusätzliche Versandwege</title>

        <para>
            Weitere Versandwege können geschrieben werden, indem
             <classname>Zend_Mail_Transport_Interface</classname> implementiert wird.
        </para>
    </note>
</sect1>
