<?xml version="1.0" encoding="UTF-8"?>
<!-- EN-Revision: 24249 -->
<!-- Reviewed: no -->
<sect3 id="zend.ldap.api.reference.zend-ldap-ldif-encoder">
    <title>Zend_Ldif_Encoder</title>

    <table id="zend.ldap.api.reference.zend-ldap-ldif-encoder.table">
        <title>API für Zend_Ldif_Encoder</title>

        <tgroup cols="2">
            <thead>
                <row>
                    <entry>Methode</entry>
                    <entry>Beschreibung</entry>
                </row>
            </thead>

            <tbody>
                <row>
                    <entry><emphasis><code>array decode(string $string)</code></emphasis></entry>

                    <entry>
                        Dekodiert den String <varname>$string</varname> in ein Array von
                        <acronym>LDIF</acronym> Elementen.
                    </entry>
                </row>

                <row>
                    <entry>
                        <emphasis><code>string encode(scalar|array|Zend_Ldap_Node
                            $value, array $options)</code></emphasis>
                    </entry>

                    <entry>
                        Kodiert <varname>$value</varname> in eine <acronym>LDIF</acronym>
                        Repräsentation. <varname>$options</varname> ist ein Array welches die
                        folgenden Schlüssel enthalten kann:

                        <variablelist>
                            <varlistentry>
                                <term><code>'sort'</code></term>

                                <listitem>
                                    <para>
                                        Sortiert die gegebenen Attribute nach <code>dn</code>
                                        gefolgt von <code>objectClass</code> und dann gefolgt von
                                        allen anderen Attributen alphabetisch sortiert.
                                        Standardmäßig ist er <constant>TRUE</constant>.
                                    </para>
                                </listitem>
                            </varlistentry>

                            <varlistentry>
                                <term><code>'version'</code></term>

                                <listitem>
                                    <para>
                                        Die Version des <acronym>LDIF</acronym> Formats.
                                        Standardmäßig ist er <code>1</code>.
                                    </para>
                                </listitem>
                            </varlistentry>

                            <varlistentry>
                                <term><code>'wrap'</code></term>

                                <listitem>
                                    <para>
                                        Die Zeilenlänge. Standardmäßig ist er <code>78</code> um der
                                        <acronym>LDIF</acronym> Spezifikation zu entsprechen.
                                    </para>
                                </listitem>
                            </varlistentry>
                        </variablelist>
                    </entry>
                </row>
            </tbody>
        </tgroup>
    </table>
</sect3>
