<?xml version="1.0" encoding="UTF-8"?>
<!-- EN-Revision: 24249 -->
<!-- Reviewed: no -->
<sect1 id="zend.currency.introduction">
    <title>Einführung in Zend_Currency</title>

    <para>
        <classname>Zend_Currency</classname> ist Teil der starken Unterstützung für I18n im Zend
        Framework. Es behandelt alle Themen bezüglich Währung, Darstellung von Geld, Formatierung,
        Wechselkurs Services und Berechnung.
    </para>

    <sect2 id="zend.currency.introduction.list">
        <title>Warum sollte man Zend_Currency verwenden?</title>

        <para>
            <classname>Zend_Currency</classname> bietet die folgenden Vorteile:
        </para>

        <itemizedlist mark='opencircle'>
            <listitem>
                <para>
                    <emphasis>Komplette Unterstützung für Gebietsschemata</emphasis>
                </para>

                <para>
                    Diese Komponente arbeitet mit allen vorhandenen Gebietsschemata und weiß deshalb
                    über mehr als 100 unterschiedliche lokalisierte Währungen bescheid. Das
                    enthält Informationen wie die Namen von Währungen, deren Abkürzungen,
                    Währungszeichen und viele andere.
                </para>
            </listitem>

            <listitem>
                <para>
                    <emphasis>Wiederverwendbare Währungsdefinitionen</emphasis>
                </para>

                <para>
                    <classname>Zend_Currency</classname> bietet den Vorteil das bereits definierte
                    Darstellungen für Währungen wiederverwendet werden können. Man könnte also 2
                    unterschiedliche Darstellungen für die gleiche Währung haben.
                </para>
            </listitem>

            <listitem>
                <para>
                    <emphasis>Währungen Kalkulieren</emphasis>
                </para>

                <para>
                    <classname>Zend_Currency</classname> erlaubt es mit Währungswerten zu rechnen.
                    Hierfür bietet sie ein Interface zu Währungsumrechnungs Services.
                </para>
            </listitem>

            <listitem>
                <para>
                    <emphasis>Zusätzliche Methoden</emphasis>
                </para>

                <para>
                    <classname>Zend_Currency</classname> enthält verschiedene zusätzliche Methoden
                    welche Informationen über Details zu Währungen bieten wie z.B.: Welche Währung
                    wird in einer bestimmten Region verwendet, oder Was sind die bekannten
                    Abkürzungen einer Währung.
                </para>
            </listitem>
        </itemizedlist>
    </sect2>
</sect1>
