<?xml version="1.0" encoding="UTF-8"?>
<!-- EN-Revision: 17891 -->
<!-- Reviewed: no -->
<sect2 id="zend.filter.set.stringtoupper">
    <title>StringToUpper</title>

    <para>
        Dieser Filter konvertiert alle Eingaben so das Sie großgeschrieben sind.
    </para>

    <programlisting language="php"><![CDATA[
$filter = new Zend_Filter_StringToUpper();

print $filter->filter('Sample');
// gibt "SAMPLE" zurück
]]></programlisting>

    <para>
        So wie der <classname>StringToLower</classname> Filter, kann dieser Filter nur jene Zeichen
        behandeln welche vom aktuellen Gebietsschema des eigenen Servers unterstützt werden. Die
        Verwendung anderer Zeichensets funktioniert genauso wie bei
        <classname>StringToLower</classname>.
    </para>

    <programlisting language="php"><![CDATA[
$filter = new Zend_Filter_StringToUpper(array('encoding' => 'UTF-8'));

// oder im Nachhinein
$filter->setEncoding('ISO-8859-1');
]]></programlisting>
</sect2>
