<?xml version="1.0" encoding="UTF-8"?>
<!-- EN-Revision: 22593 -->
<!-- Reviewed: no -->
<sect2 id="zend.application.available-resources.view">
    <title>Zend_Application_Resource_View</title>

    <para>
        <classname>Zend_Application_Resource_View</classname> kann verwendet werden um eine Instanz
        von <classname>Zend_View</classname> zu konfigurieren. Konfigurations Optionen sind <link
            linkend="zend.view.introduction.options">die <classname>Zend_View</classname>
            Optionen</link>.
    </para>

    <para>
        Sobald die View Instanz konfiguriert wurde, erstellt Sie eine Instanz von
        <classname>Zend_Controller_Action_Helper_ViewRenderer</classname> und registriert den
        ViewRenderer im <classname>Zend_Controller_Action_HelperBroker</classname> -- von dem man
        Sie später empfangen kann.
    </para>

    <example id="zend.application.available-resources.view.configExample">
        <title>Beispiel der Konfiguration einer View Ressource</title>

        <para>
            Anbei ist das Beispiel eines <acronym>INI</acronym> Abschnitts der zeigt wie die View
            Ressource konfiguriert werden kann.
        </para>

        <programlisting language="ini"><![CDATA[
resources.view.encoding = "UTF-8"
resources.view.basePath = APPLICATION_PATH "/views/"
]]></programlisting>
    </example>
</sect2>
