<?xml version="1.0" encoding="UTF-8"?>
<!-- EN-Revision: 24249 -->
<!-- Reviewed: 24576 -->
<sect1 id="zend.locale.appendix">
    <title>Unterstützte Gebietsschemata</title>

    <para>
        <classname>Zend_Locale</classname> bietet Informationen über verschiedene Gebietsschemata.
        Die folgende Tabelle zeigt alle Sprachen und deren zugehörige Gebietsschemata, sortiert nach
        Sprache:
    </para>

    <table id="zend.locale.appendix.table">
        <title>Liste aller unterstützten Sprachen</title>

        <tgroup cols="3">
            <thead>
                <row>
                    <entry>Sprache</entry>
                    <entry>Gebietsschema</entry>
                    <entry>Region</entry>
                </row>
            </thead>

            <tbody>
                <row>
                    <entry morerows="3" valign="middle">Afar</entry>
                    <entry>aa</entry>
                    <entry>---</entry>
                </row>

                <row>
                    <entry>aa_DJ</entry>
                    <entry>Dschibuti</entry>
                </row>

                <row>
                    <entry>aa_ER</entry>
                    <entry>Eritrea</entry>
                </row>

                <row>
                    <entry>aa_ET</entry>
                    <entry>Äthiopien</entry>
                </row>

                <row>
                    <entry morerows="2" valign="middle">Afrikaans</entry>
                    <entry>af</entry>
                    <entry>---</entry>
                </row>

                <row>
                    <entry>af_NA</entry>
                    <entry>Namibia</entry>
                </row>

                <row>
                    <entry>af_ZA</entry>
                    <entry>Südafrika</entry>
                </row>

                <row>
                    <entry morerows="1" valign="middle">Akan</entry>
                    <entry>ak</entry>
                    <entry>---</entry>
                </row>

                <row>
                    <entry>ak_GH</entry>
                    <entry>Ghana</entry>
                </row>

                <row>
                    <entry morerows="1" valign="middle">Amharisch</entry>
                    <entry>am</entry>
                    <entry>---</entry>
                </row>

                <row>
                    <entry>am_ET</entry>
                    <entry>Äthiopien</entry>
                </row>

                <row>
                    <entry morerows="17" valign="middle">Arabisch</entry>
                    <entry>ar</entry>
                    <entry>---</entry>
                </row>

                <row>
                    <entry>ar_AE</entry>
                    <entry>Vereinigte Arabische Emirate</entry>
                </row>

                <row>
                    <entry>ar_BH</entry>
                    <entry>Bahrain</entry>
                </row>

                <row>
                    <entry>ar_DZ</entry>
                    <entry>Algerien</entry>
                </row>

                <row>
                    <entry>ar_EG</entry>
                    <entry>Ägypten</entry>
                </row>

                <row>
                    <entry>ar_IQ</entry>
                    <entry>Irak</entry>
                </row>

                <row>
                    <entry>ar_JO</entry>
                    <entry>Jordanien</entry>
                </row>

                <row>
                    <entry>ar_KW</entry>
                    <entry>Kuwait</entry>
                </row>

                <row>
                    <entry>ar_LB</entry>
                    <entry>Libanon</entry>
                </row>

                <row>
                    <entry>ar_LY</entry>
                    <entry>Libyen</entry>
                </row>

                <row>
                    <entry>ar_MA</entry>
                    <entry>Marokko</entry>
                </row>

                <row>
                    <entry>ar_OM</entry>
                    <entry>Oman</entry>
                </row>

                <row>
                    <entry>ar_QA</entry>
                    <entry>Katar</entry>
                </row>

                <row>
                    <entry>ar_SA</entry>
                    <entry>Saudi-Arabien</entry>
                </row>

                <row>
                    <entry>ar_SD</entry>
                    <entry>Sudan</entry>
                </row>

                <row>
                    <entry>ar_SY</entry>
                    <entry>Syrien</entry>
                </row>

                <row>
                    <entry>ar_TN</entry>
                    <entry>Tunesien</entry>
                </row>

                <row>
                    <entry>ar_YE</entry>
                    <entry>Jemen</entry>
                </row>

                <row>
                    <entry morerows="1" valign="middle">Assamesisch</entry>
                    <entry>as</entry>
                    <entry>---</entry>
                </row>

                <row>
                    <entry>as_IN</entry>
                    <entry>Indien</entry>
                </row>

                <row>
                    <entry morerows="1" valign="middle">Aserbaidschanisch</entry>
                    <entry>az</entry>
                    <entry>---</entry>
                </row>

                <row>
                    <entry>az_AZ</entry>
                    <entry>Aserbaidschan</entry>
                </row>

                <row>
                    <entry morerows="1" valign="middle">Weißrussisch</entry>
                    <entry>be</entry>
                    <entry>---</entry>
                </row>

                <row>
                    <entry>be_BY</entry>
                    <entry>Weißrussland</entry>
                </row>

                <row>
                    <entry morerows="1" valign="middle">Bulgarisch</entry>
                    <entry>bg</entry>
                    <entry>---</entry>
                </row>

                <row>
                    <entry>bg_BG</entry>
                    <entry>Bulgarien</entry>
                </row>

                <row>
                    <entry morerows="2" valign="middle">Bengalisch</entry>
                    <entry>bn</entry>
                    <entry>---</entry>
                </row>

                <row>
                    <entry>bn_BD</entry>
                    <entry>Bangladesch</entry>
                </row>

                <row>
                    <entry>bn_IN</entry>
                    <entry>Indien</entry>
                </row>

                <row>
                    <entry morerows="2" valign="middle">Tibet</entry>
                    <entry>bo</entry>
                    <entry>---</entry>
                </row>

                <row>
                    <entry>bo_CN</entry>
                    <entry>China</entry>
                </row>

                <row>
                    <entry>bo_IN</entry>
                    <entry>Indien</entry>
                </row>

                <row>
                    <entry morerows="1" valign="middle">Bosnisch</entry>
                    <entry>bs</entry>
                    <entry>---</entry>
                </row>

                <row>
                    <entry>bs_BA</entry>
                    <entry>Bosnien und Herzegowina</entry>
                </row>

                <row>
                    <entry morerows="1" valign="middle">Blin</entry>
                    <entry>byn</entry>
                    <entry>---</entry>
                </row>

                <row>
                    <entry>byn_ER</entry>
                    <entry>Eritrea</entry>
                </row>

                <row>
                    <entry morerows="1" valign="middle">Katalanisch</entry>
                    <entry>ca</entry>
                    <entry>---</entry>
                </row>

                <row>
                    <entry>ca_ES</entry>
                    <entry>Spanien</entry>
                </row>

                <row>
                    <entry morerows="1" valign="middle">Atsam</entry>
                    <entry>cch</entry>
                    <entry>---</entry>
                </row>

                <row>
                    <entry>cch_NG</entry>
                    <entry>Nigeria</entry>
                </row>

                <row>
                    <entry>Koptisch</entry>
                    <entry>cop</entry>
                    <entry>---</entry>
                </row>

                <row>
                    <entry morerows="1" valign="middle">Tschechisch</entry>
                    <entry>cs</entry>
                    <entry>---</entry>
                </row>

                <row>
                    <entry>cs_CZ</entry>
                    <entry>Tschechische Republik</entry>
                </row>

                <row>
                    <entry morerows="1" valign="middle">Kymrisch</entry>
                    <entry>cy</entry>
                    <entry>---</entry>
                </row>

                <row>
                    <entry>cy_GB</entry>
                    <entry>Vereinigtes Königreich</entry>
                </row>

                <row>
                    <entry morerows="1" valign="middle">Dänisch</entry>
                    <entry>da</entry>
                    <entry>---</entry>
                </row>

                <row>
                    <entry>da_DK</entry>
                    <entry>Dänemark</entry>
                </row>

                <row>
                    <entry morerows="6" valign="middle">Deutsch</entry>
                    <entry>de</entry>
                    <entry>---</entry>
                </row>

                <row>
                    <entry>de_AT</entry>
                    <entry>Österreich</entry>
                </row>

                <row>
                    <entry>de_BE</entry>
                    <entry>Belgien</entry>
                </row>

                <row>
                    <entry>de_CH</entry>
                    <entry>Schweiz</entry>
                </row>

                <row>
                    <entry>de_DE</entry>
                    <entry>Deutschland</entry>
                </row>

                <row>
                    <entry>de_LI</entry>
                    <entry>Liechtenstein</entry>
                </row>

                <row>
                    <entry>de_LU</entry>
                    <entry>Luxemburg</entry>
                </row>

                <row>
                    <entry morerows="1" valign="middle">Maledivisch</entry>
                    <entry>dv</entry>
                    <entry>---</entry>
                </row>

                <row>
                    <entry>dv_MV</entry>
                    <entry>Malediven</entry>
                </row>

                <row>
                    <entry morerows="1" valign="middle">Bhutanisch</entry>
                    <entry>dz</entry>
                    <entry>---</entry>
                </row>

                <row>
                    <entry>dz_BT</entry>
                    <entry>Bhutan</entry>
                </row>

                <row>
                    <entry morerows="2" valign="middle">Ewe-Sprache</entry>
                    <entry>ee</entry>
                    <entry>---</entry>
                </row>

                <row>
                    <entry>ee_GH</entry>
                    <entry>Ghana</entry>
                </row>

                <row>
                    <entry>ee_TG</entry>
                    <entry>Togo</entry>
                </row>

                <row>
                    <entry morerows="2" valign="middle">Griechisch</entry>
                    <entry>el</entry>
                    <entry>---</entry>
                </row>

                <row>
                    <entry>el_CY</entry>
                    <entry>Zypern</entry>
                </row>

                <row>
                    <entry>el_GR</entry>
                    <entry>Griechenland</entry>
                </row>

                <row>
                    <entry morerows="26" valign="middle">Englisch</entry>
                    <entry>en</entry>
                    <entry>---</entry>
                </row>

                <row>
                    <entry>en_AS</entry>
                    <entry>Amerikanisch-Samoa</entry>
                </row>

                <row>
                    <entry>en_AU</entry>
                    <entry>Australien</entry>
                </row>

                <row>
                    <entry>en_BE</entry>
                    <entry>Belgien</entry>
                </row>

                <row>
                    <entry>en_BW</entry>
                    <entry>Botsuana</entry>
                </row>

                <row>
                    <entry>en_BZ</entry>
                    <entry>Belize</entry>
                </row>

                <row>
                    <entry>en_CA</entry>
                    <entry>Kanada</entry>
                </row>

                <row>
                    <entry>en_GB</entry>
                    <entry>Vereinigtes Königreich</entry>
                </row>

                <row>
                    <entry>en_GU</entry>
                    <entry>Guam</entry>
                </row>

                <row>
                    <entry>en_HK</entry>
                    <entry>Hongkong</entry>
                </row>

                <row>
                    <entry>en_IE</entry>
                    <entry>Irland</entry>
                </row>

                <row>
                    <entry>en_IN</entry>
                    <entry>Indien</entry>
                </row>

                <row>
                    <entry>en_JM</entry>
                    <entry>Jamaika</entry>
                </row>

                <row>
                    <entry>en_MH</entry>
                    <entry>Marshallinseln</entry>
                </row>

                <row>
                    <entry>en_MP</entry>
                    <entry>Nördliche Marianen</entry>
                </row>

                <row>
                    <entry>en_MT</entry>
                    <entry>Malta</entry>
                </row>

                <row>
                    <entry>en_NA</entry>
                    <entry>Namibia</entry>
                </row>

                <row>
                    <entry>en_NZ</entry>
                    <entry>Neuseeland</entry>
                </row>

                <row>
                    <entry>en_PH</entry>
                    <entry>Philippinen</entry>
                </row>

                <row>
                    <entry>en_PK</entry>
                    <entry>Pakistan</entry>
                </row>

                <row>
                    <entry>en_SG</entry>
                    <entry>Singapur</entry>
                </row>

                <row>
                    <entry>en_TT</entry>
                    <entry>Trinidad und Tobago</entry>
                </row>

                <row>
                    <entry>en_UM</entry>
                    <entry>Amerikanisch-Ozeanien</entry>
                </row>

                <row>
                    <entry>en_US</entry>
                    <entry>Vereinigte Staaten</entry>
                </row>

                <row>
                    <entry>en_VI</entry>
                    <entry>Amerikanische Jungferninseln</entry>
                </row>

                <row>
                    <entry>en_ZA</entry>
                    <entry>Südafrika</entry>
                </row>

                <row>
                    <entry>en_ZW</entry>
                    <entry>Simbabwe</entry>
                </row>

                <row>
                    <entry>Esperanto</entry>
                    <entry>eo</entry>
                    <entry>---</entry>
                </row>

                <row>
                    <entry morerows="20" valign="middle">Spanisch</entry>
                    <entry>es</entry>
                    <entry>---</entry>
                </row>

                <row>
                    <entry>es_AR</entry>
                    <entry>Argentinien</entry>
                </row>

                <row>
                    <entry>es_BO</entry>
                    <entry>Bolivien</entry>
                </row>

                <row>
                    <entry>es_CL</entry>
                    <entry>Chile</entry>
                </row>

                <row>
                    <entry>es_CO</entry>
                    <entry>Kolumbien</entry>
                </row>

                <row>
                    <entry>es_CR</entry>
                    <entry>Costa Rica</entry>
                </row>

                <row>
                    <entry>es_DO</entry>
                    <entry>Dominikanische Republik</entry>
                </row>

                <row>
                    <entry>es_EC</entry>
                    <entry>Ecuador</entry>
                </row>

                <row>
                    <entry>es_ES</entry>
                    <entry>Spanien</entry>
                </row>

                <row>
                    <entry>es_GT</entry>
                    <entry>Guatemala</entry>
                </row>

                <row>
                    <entry>es_HN</entry>
                    <entry>Honduras</entry>
                </row>

                <row>
                    <entry>es_MX</entry>
                    <entry>Mexiko</entry>
                </row>

                <row>
                    <entry>es_NI</entry>
                    <entry>Nicaragua</entry>
                </row>

                <row>
                    <entry>es_PA</entry>
                    <entry>Panama</entry>
                </row>

                <row>
                    <entry>es_PE</entry>
                    <entry>Peru</entry>
                </row>

                <row>
                    <entry>es_PR</entry>
                    <entry>Puerto Rico</entry>
                </row>

                <row>
                    <entry>es_PY</entry>
                    <entry>Paraguay</entry>
                </row>

                <row>
                    <entry>es_SV</entry>
                    <entry>El Salvador</entry>
                </row>

                <row>
                    <entry>es_US</entry>
                    <entry>Vereinigte Staaten</entry>
                </row>

                <row>
                    <entry>es_UY</entry>
                    <entry>Uruguay</entry>
                </row>

                <row>
                    <entry>es_VE</entry>
                    <entry>Venezuela</entry>
                </row>

                <row>
                    <entry morerows="1" valign="middle">Estnisch</entry>
                    <entry>et</entry>
                    <entry>---</entry>
                </row>

                <row>
                    <entry>et_EE</entry>
                    <entry>Estland</entry>
                </row>

                <row>
                    <entry morerows="1" valign="middle">Baskisch</entry>
                    <entry>eu</entry>
                    <entry>---</entry>
                </row>

                <row>
                    <entry>eu_ES</entry>
                    <entry>Spanien</entry>
                </row>

                <row>
                    <entry morerows="2" valign="middle">Persisch</entry>
                    <entry>fa</entry>
                    <entry>---</entry>
                </row>

                <row>
                    <entry>fa_AF</entry>
                    <entry>Afghanistan</entry>
                </row>

                <row>
                    <entry>fa_IR</entry>
                    <entry>Iran</entry>
                </row>

                <row>
                    <entry morerows="1" valign="middle">Finnisch</entry>
                    <entry>fi</entry>
                    <entry>---</entry>
                </row>

                <row>
                    <entry>fi_FI</entry>
                    <entry>Finnland</entry>
                </row>

                <row>
                    <entry morerows="1" valign="middle">Filipino</entry>
                    <entry>fil</entry>
                    <entry>---</entry>
                </row>

                <row>
                    <entry>fil_PH</entry>
                    <entry>Philippinen</entry>
                </row>

                <row>
                    <entry morerows="1" valign="middle">Färöisch</entry>
                    <entry>fo</entry>
                    <entry>---</entry>
                </row>

                <row>
                    <entry>fo_FO</entry>
                    <entry>Färöer</entry>
                </row>

                <row>
                    <entry morerows="7" valign="middle">Französisch</entry>
                    <entry>fr</entry>
                    <entry>---</entry>
                </row>

                <row>
                    <entry>fr_BE</entry>
                    <entry>Belgien</entry>
                </row>

                <row>
                    <entry>fr_CA</entry>
                    <entry>Kanada</entry>
                </row>

                <row>
                    <entry>fr_CH</entry>
                    <entry>Schweiz</entry>
                </row>

                <row>
                    <entry>fr_FR</entry>
                    <entry>Frankreich</entry>
                </row>

                <row>
                    <entry>fr_LU</entry>
                    <entry>Luxemburg</entry>
                </row>

                <row>
                    <entry>fr_MC</entry>
                    <entry>Monaco</entry>
                </row>

                <row>
                    <entry>fr_SN</entry>
                    <entry>Senegal</entry>
                </row>

                <row>
                    <entry morerows="1" valign="middle">Friulisch</entry>
                    <entry>fur</entry>
                    <entry>---</entry>
                </row>

                <row>
                    <entry>fur_IT</entry>
                    <entry>Italien</entry>
                </row>

                <row>
                    <entry morerows="1" valign="middle">Irisch</entry>
                    <entry>ga</entry>
                    <entry>---</entry>
                </row>

                <row>
                    <entry>ga_IE</entry>
                    <entry>Irland</entry>
                </row>

                <row>
                    <entry morerows="1" valign="middle">Ga-Sprache</entry>
                    <entry>gaa</entry>
                    <entry>---</entry>
                </row>

                <row>
                    <entry>gaa_GH</entry>
                    <entry>Ghana</entry>
                </row>

                <row>
                    <entry morerows="2" valign="middle">Geez</entry>
                    <entry>gez</entry>
                    <entry>---</entry>
                </row>

                <row>
                    <entry>gez_ER</entry>
                    <entry>Eritrea</entry>
                </row>

                <row>
                    <entry>gez_ET</entry>
                    <entry>Äthiopien</entry>
                </row>

                <row>
                    <entry morerows="1" valign="middle">Galizisch</entry>
                    <entry>gl</entry>
                    <entry>---</entry>
                </row>

                <row>
                    <entry>gl_ES</entry>
                    <entry>Spanien</entry>
                </row>

                <row>
                    <entry morerows="1" valign="middle">Schweizer Deutsch</entry>
                    <entry>gsw</entry>
                    <entry>---</entry>
                </row>

                <row>
                    <entry>gsw_CH</entry>
                    <entry>Schweiz</entry>
                </row>

                <row>
                    <entry morerows="1" valign="middle">Gujarati</entry>
                    <entry>gu</entry>
                    <entry>---</entry>
                </row>

                <row>
                    <entry>gu_IN</entry>
                    <entry>Indien</entry>
                </row>

                <row>
                    <entry morerows="1" valign="middle">Manx</entry>
                    <entry>gv</entry>
                    <entry>---</entry>
                </row>

                <row>
                    <entry>gv_GB</entry>
                    <entry>Vereinigtes Königreich</entry>
                </row>

                <row>
                    <entry morerows="4" valign="middle">Hausa</entry>
                    <entry>ha</entry>
                    <entry>---</entry>
                </row>

                <row>
                    <entry>ha_GH</entry>
                    <entry>Ghana</entry>
                </row>

                <row>
                    <entry>ha_NE</entry>
                    <entry>Niger</entry>
                </row>

                <row>
                    <entry>ha_NG</entry>
                    <entry>Nigeria</entry>
                </row>

                <row>
                    <entry>ha_SD</entry>
                    <entry>Sudan</entry>
                </row>

                <row>
                    <entry morerows="1" valign="middle">Hawaiianisch</entry>
                    <entry>haw</entry>
                    <entry>---</entry>
                </row>

                <row>
                    <entry>haw_US</entry>
                    <entry>Vereinigte Staaten</entry>
                </row>

                <row>
                    <entry morerows="1" valign="middle">Hebräisch</entry>
                    <entry>he</entry>
                    <entry>---</entry>
                </row>

                <row>
                    <entry>he_IL</entry>
                    <entry>Israel</entry>
                </row>

                <row>
                    <entry morerows="1" valign="middle">Hindi</entry>
                    <entry>hi</entry>
                    <entry>---</entry>
                </row>

                <row>
                    <entry>hi_IN</entry>
                    <entry>Indien</entry>
                </row>

                <row>
                    <entry morerows="1" valign="middle">Kroatisch</entry>
                    <entry>hr</entry>
                    <entry>---</entry>
                </row>

                <row>
                    <entry>hr_HR</entry>
                    <entry>Kroatien</entry>
                </row>

                <row>
                    <entry morerows="1" valign="middle">Ungarisch</entry>
                    <entry>hu</entry>
                    <entry>---</entry>
                </row>

                <row>
                    <entry>hu_HU</entry>
                    <entry>Ungarn</entry>
                </row>

                <row>
                    <entry>Armenisch</entry>
                    <entry>hy</entry>
                    <entry>---</entry>
                </row>

                <row>
                    <entry>Interlingua</entry>
                    <entry>ia</entry>
                    <entry>---</entry>
                </row>

                <row>
                    <entry morerows="1" valign="middle">Indonesisch</entry>
                    <entry>id</entry>
                    <entry>---</entry>
                </row>

                <row>
                    <entry>id_ID</entry>
                    <entry>Indonesien</entry>
                </row>

                <row>
                    <entry morerows="1" valign="middle">Igbo-Sprache</entry>
                    <entry>ig</entry>
                    <entry>---</entry>
                </row>

                <row>
                    <entry>ig_NG</entry>
                    <entry>Nigeria</entry>
                </row>

                <row>
                    <entry morerows="1" valign="middle">Sichuan Yi</entry>
                    <entry>ii</entry>
                    <entry>---</entry>
                </row>

                <row>
                    <entry>ii_CN</entry>
                    <entry>China</entry>
                </row>

                <row>
                    <entry>Indonesisch</entry>
                    <entry>in</entry>
                    <entry>---</entry>
                </row>

                <row>
                    <entry morerows="1" valign="middle">Isländisch</entry>
                    <entry>is</entry>
                    <entry>---</entry>
                </row>

                <row>
                    <entry>is_IS</entry>
                    <entry>Island</entry>
                </row>

                <row>
                    <entry morerows="2" valign="middle">Italienisch</entry>
                    <entry>it</entry>
                    <entry>---</entry>
                </row>

                <row>
                    <entry>it_CH</entry>
                    <entry>Schweiz</entry>
                </row>

                <row>
                    <entry>it_IT</entry>
                    <entry>Italien</entry>
                </row>

                <row>
                    <entry>Inuktitut</entry>
                    <entry>iu</entry>
                    <entry>---</entry>
                </row>

                <row>
                    <entry>Hebräisch</entry>
                    <entry>iw</entry>
                    <entry>---</entry>
                </row>

                <row>
                    <entry morerows="1" valign="middle">Japanisch</entry>
                    <entry>ja</entry>
                    <entry>---</entry>
                </row>

                <row>
                    <entry>ja_JP</entry>
                    <entry>Japan</entry>
                </row>

                <row>
                    <entry morerows="1" valign="middle">Georgisch</entry>
                    <entry>ka</entry>
                    <entry>---</entry>
                </row>

                <row>
                    <entry>ka_GE</entry>
                    <entry>Georgien</entry>
                </row>

                <row>
                    <entry morerows="1" valign="middle">Jju</entry>
                    <entry>kaj</entry>
                    <entry>---</entry>
                </row>

                <row>
                    <entry>kaj_NG</entry>
                    <entry>Nigeria</entry>
                </row>

                <row>
                    <entry morerows="1" valign="middle">Kamba</entry>
                    <entry>kam</entry>
                    <entry>---</entry>
                </row>

                <row>
                    <entry>kam_KE</entry>
                    <entry>Kenia</entry>
                </row>

                <row>
                    <entry morerows="1" valign="middle">Tyap</entry>
                    <entry>kcg</entry>
                    <entry>---</entry>
                </row>

                <row>
                    <entry>kcg_NG</entry>
                    <entry>Nigeria</entry>
                </row>

                <row>
                    <entry morerows="1" valign="middle">Koro</entry>
                    <entry>kfo</entry>
                    <entry>---</entry>
                </row>

                <row>
                    <entry>kfo_CI</entry>
                    <entry>Côte d’Ivoire</entry>
                </row>

                <row>
                    <entry morerows="1" valign="middle">Kasachisch</entry>
                    <entry>kk</entry>
                    <entry>---</entry>
                </row>

                <row>
                    <entry>kk_KZ</entry>
                    <entry>Kasachstan</entry>
                </row>

                <row>
                    <entry morerows="1" valign="middle">Grönländisch</entry>
                    <entry>kl</entry>
                    <entry>---</entry>
                </row>

                <row>
                    <entry>kl_GL</entry>
                    <entry>Grönland</entry>
                </row>

                <row>
                    <entry morerows="1" valign="middle">Kambodschanisch</entry>
                    <entry>km</entry>
                    <entry>---</entry>
                </row>

                <row>
                    <entry>km_KH</entry>
                    <entry>Kambodscha</entry>
                </row>

                <row>
                    <entry morerows="1" valign="middle">Kannada</entry>
                    <entry>kn</entry>
                    <entry>---</entry>
                </row>

                <row>
                    <entry>kn_IN</entry>
                    <entry>Indien</entry>
                </row>

                <row>
                    <entry morerows="1" valign="middle">Koreanisch</entry>
                    <entry>ko</entry>
                    <entry>---</entry>
                </row>

                <row>
                    <entry>ko_KR</entry>
                    <entry>Republik Korea</entry>
                </row>

                <row>
                    <entry morerows="1" valign="middle">Konkani</entry>
                    <entry>kok</entry>
                    <entry>---</entry>
                </row>

                <row>
                    <entry>kok_IN</entry>
                    <entry>Indien</entry>
                </row>

                <row>
                    <entry morerows="2" valign="middle">Kpelle-Sprache</entry>
                    <entry>kpe</entry>
                    <entry>---</entry>
                </row>

                <row>
                    <entry>kpe_GN</entry>
                    <entry>Guinea</entry>
                </row>

                <row>
                    <entry>kpe_LR</entry>
                    <entry>Liberia</entry>
                </row>

                <row>
                    <entry morerows="1" valign="middle">Kurdisch</entry>
                    <entry>ku</entry>
                    <entry>---</entry>
                </row>

                <row>
                    <entry>ku_IQ</entry>
                    <entry>Irak</entry>
                </row>

                <row>
                    <entry>ku_IR</entry>
                    <entry>Iran</entry>
                </row>

                <row>
                    <entry>ku_SY</entry>
                    <entry>Syrien</entry>
                </row>

                <row>
                    <entry>ku_TR</entry>
                    <entry>Türkei</entry>
                </row>

                <row>
                    <entry morerows="1" valign="middle">Kornisch</entry>
                    <entry>kw</entry>
                    <entry>---</entry>
                </row>

                <row>
                    <entry>kw_GB</entry>
                    <entry>Vereinigtes Königreich</entry>
                </row>

                <row>
                    <entry morerows="1" valign="middle">Kirgisisch</entry>
                    <entry>ky</entry>
                    <entry>---</entry>
                </row>

                <row>
                    <entry>ky_KG</entry>
                    <entry>Kirgisistan</entry>
                </row>

                <row>
                    <entry morerows="2" valign="middle">Lingala</entry>
                    <entry>ln</entry>
                    <entry>---</entry>
                </row>

                <row>
                    <entry>ln_CD</entry>
                    <entry>Demokratische Republik Kongo</entry>
                </row>

                <row>
                    <entry>ln_CG</entry>
                    <entry>Kongo</entry>
                </row>

                <row>
                    <entry morerows="1" valign="middle">Laotisch</entry>
                    <entry>lo</entry>
                    <entry>---</entry>
                </row>

                <row>
                    <entry>lo_LA</entry>
                    <entry>Laos</entry>
                </row>

                <row>
                    <entry morerows="1" valign="middle">Litauisch</entry>
                    <entry>lt</entry>
                    <entry>---</entry>
                </row>

                <row>
                    <entry>lt_LT</entry>
                    <entry>Litauen</entry>
                </row>

                <row>
                    <entry morerows="1" valign="middle">Lettisch</entry>
                    <entry>lv</entry>
                    <entry>---</entry>
                </row>

                <row>
                    <entry>lv_LV</entry>
                    <entry>Lettland</entry>
                </row>

                <row>
                    <entry morerows="1" valign="middle">Mazedonisch</entry>
                    <entry>mk</entry>
                    <entry>---</entry>
                </row>

                <row>
                    <entry>mk_MK</entry>
                    <entry>Mazedonien</entry>
                </row>

                <row>
                    <entry morerows="1" valign="middle">Malayalam</entry>
                    <entry>ml</entry>
                    <entry>---</entry>
                </row>

                <row>
                    <entry>ml_IN</entry>
                    <entry>Indien</entry>
                </row>

                <row>
                    <entry morerows="2" valign="middle">Mongolisch</entry>
                    <entry>mn</entry>
                    <entry>---</entry>
                </row>

                <row>
                    <entry>mn_CN</entry>
                    <entry>China</entry>
                </row>

                <row>
                    <entry>mn_MN</entry>
                    <entry>Mongolei</entry>
                </row>

                <row>
                    <entry>Moldauisch</entry>
                    <entry>mo</entry>
                    <entry>---</entry>
                </row>

                <row>
                    <entry morerows="1" valign="middle">Marathi</entry>
                    <entry>mr</entry>
                    <entry>---</entry>
                </row>

                <row>
                    <entry>mr_IN</entry>
                    <entry>Indien</entry>
                </row>

                <row>
                    <entry morerows="2" valign="middle">Malaiisch</entry>
                    <entry>ms</entry>
                    <entry>---</entry>
                </row>

                <row>
                    <entry>ms_BN</entry>
                    <entry>Brunei Darussalam</entry>
                </row>

                <row>
                    <entry>ms_MY</entry>
                    <entry>Malaysia</entry>
                </row>

                <row>
                    <entry morerows="1" valign="middle">Maltesisch</entry>
                    <entry>mt</entry>
                    <entry>---</entry>
                </row>

                <row>
                    <entry>mt_MT</entry>
                    <entry>Malta</entry>
                </row>

                <row>
                    <entry morerows="1" valign="middle">Birmanisch</entry>
                    <entry>my</entry>
                    <entry>---</entry>
                </row>

                <row>
                    <entry>my_MM</entry>
                    <entry>Myanmar</entry>
                </row>

                <row>
                    <entry morerows="1" valign="middle">Norwegisch Bokmål</entry>
                    <entry>nb</entry>
                    <entry>---</entry>
                </row>

                <row>
                    <entry>nb_NO</entry>
                    <entry>Norwegen</entry>
                </row>

                <row>
                    <entry morerows="1" valign="middle">Niederdeutsch</entry>
                    <entry>nds</entry>
                    <entry>---</entry>
                </row>

                <row>
                    <entry>nds_DE</entry>
                    <entry>Deutschland</entry>
                </row>

                <row>
                    <entry morerows="2" valign="middle">Nepalesisch</entry>
                    <entry>ne</entry>
                    <entry>---</entry>
                </row>

                <row>
                    <entry>ne_IN</entry>
                    <entry>Indien</entry>
                </row>

                <row>
                    <entry>ne_NP</entry>
                    <entry>Nepal</entry>
                </row>

                <row>
                    <entry morerows="2" valign="middle">Niederländisch</entry>
                    <entry>nl</entry>
                    <entry>---</entry>
                </row>

                <row>
                    <entry>nl_BE</entry>
                    <entry>Belgien</entry>
                </row>

                <row>
                    <entry>nl_NL</entry>
                    <entry>Niederlande</entry>
                </row>

                <row>
                    <entry morerows="1" valign="middle">Norwegisch Nynorsk</entry>
                    <entry>nn</entry>
                    <entry>---</entry>
                </row>

                <row>
                    <entry>nn_NO</entry>
                    <entry>Norwegen</entry>
                </row>

                <row>
                    <entry>Norwegisch</entry>
                    <entry>no</entry>
                    <entry>---</entry>
                </row>

                <row>
                    <entry morerows="1" valign="middle">Süd-Ndebele-Sprache</entry>
                    <entry>nr</entry>
                    <entry>---</entry>
                </row>

                <row>
                    <entry>nr_ZA</entry>
                    <entry>Südafrika</entry>
                </row>

                <row>
                    <entry morerows="1" valign="middle">Nord-Sotho-Sprache</entry>
                    <entry>nso</entry>
                    <entry>---</entry>
                </row>

                <row>
                    <entry>nso_ZA</entry>
                    <entry>Südafrika</entry>
                </row>

                <row>
                    <entry morerows="1" valign="middle">Chewa-Sprache</entry>
                    <entry>ny</entry>
                    <entry>---</entry>
                </row>

                <row>
                    <entry>ny_MW</entry>
                    <entry>Malawi</entry>
                </row>

                <row>
                    <entry morerows="1" valign="middle">Okzitanisch</entry>
                    <entry>oc</entry>
                    <entry>---</entry>
                </row>

                <row>
                    <entry>oc_FR</entry>
                    <entry>Frankreich</entry>
                </row>

                <row>
                    <entry morerows="2" valign="middle">Oromo</entry>
                    <entry>om</entry>
                    <entry>---</entry>
                </row>

                <row>
                    <entry>om_ET</entry>
                    <entry>Äthiopien</entry>
                </row>

                <row>
                    <entry>om_KE</entry>
                    <entry>Kenia</entry>
                </row>

                <row>
                    <entry morerows="1" valign="middle">Oriya</entry>
                    <entry>or</entry>
                    <entry>---</entry>
                </row>

                <row>
                    <entry>or_IN</entry>
                    <entry>Indien</entry>
                </row>

                <row>
                    <entry morerows="2" valign="middle">Pandschabisch</entry>
                    <entry>pa</entry>
                    <entry>---</entry>
                </row>

                <row>
                    <entry>pa_IN</entry>
                    <entry>Indien</entry>
                </row>

                <row>
                    <entry>pa_PK</entry>
                    <entry>Pakistan</entry>
                </row>

                <row>
                    <entry morerows="1" valign="middle">Polnisch</entry>
                    <entry>pl</entry>
                    <entry>---</entry>
                </row>

                <row>
                    <entry>pl_PL</entry>
                    <entry>Polen</entry>
                </row>

                <row>
                    <entry morerows="1" valign="middle">Paschtu</entry>
                    <entry>ps</entry>
                    <entry>---</entry>
                </row>

                <row>
                    <entry>ps_AF</entry>
                    <entry>Afghanistan</entry>
                </row>

                <row>
                    <entry morerows="2" valign="middle">Portugiesisch</entry>
                    <entry>pt</entry>
                    <entry>---</entry>
                </row>

                <row>
                    <entry>pt_BR</entry>
                    <entry>Brasilien</entry>
                </row>

                <row>
                    <entry>pt_PT</entry>
                    <entry>Portugal</entry>
                </row>

                <row>
                    <entry morerows="2" valign="middle">Rumänisch</entry>
                    <entry>ro</entry>
                    <entry>---</entry>
                </row>

                <row>
                    <entry>ro_MD</entry>
                    <entry>Republik Moldau</entry>
                </row>

                <row>
                    <entry>ro_RO</entry>
                    <entry>Rumänien</entry>
                </row>

                <row>
                    <entry morerows="2" valign="middle">Russisch</entry>
                    <entry>ru</entry>
                    <entry>---</entry>
                </row>

                <row>
                    <entry>ru_RU</entry>
                    <entry>Russische Föderation</entry>
                </row>

                <row>
                    <entry>ru_UA</entry>
                    <entry>Ukraine</entry>
                </row>

                <row>
                    <entry morerows="1" valign="middle">Ruandisch</entry>
                    <entry>rw</entry>
                    <entry>---</entry>
                </row>

                <row>
                    <entry>rw_RW</entry>
                    <entry>Ruanda</entry>
                </row>

                <row>
                    <entry morerows="1" valign="middle">Sanskrit</entry>
                    <entry>sa</entry>
                    <entry>---</entry>
                </row>

                <row>
                    <entry>sa_IN</entry>
                    <entry>Indien</entry>
                </row>

                <row>
                    <entry morerows="2" valign="middle">Nord-Samisch</entry>
                    <entry>se</entry>
                    <entry>---</entry>
                </row>

                <row>
                    <entry>se_FI</entry>
                    <entry>Finnland</entry>
                </row>

                <row>
                    <entry>se_NO</entry>
                    <entry>Norwegen</entry>
                </row>

                <row>
                    <entry morerows="3" valign="middle">Serbo-Kroatisch</entry>
                    <entry>sh</entry>
                    <entry>---</entry>
                </row>

                <row>
                    <entry>sh_BA</entry>
                    <entry>Bosnien und Herzegowina</entry>
                </row>

                <row>
                    <entry>sh_CS</entry>
                    <entry>Serbien und Montenegro</entry>
                </row>

                <row>
                    <entry>sh_YU</entry>
                    <entry>Serbien</entry>
                </row>

                <row>
                    <entry morerows="1" valign="middle">Singhalesisch</entry>
                    <entry>si</entry>
                    <entry>---</entry>
                </row>

                <row>
                    <entry>si_LK</entry>
                    <entry>Sri Lanka</entry>
                </row>

                <row>
                    <entry morerows="1" valign="middle">Sidamo</entry>
                    <entry>sid</entry>
                    <entry>---</entry>
                </row>

                <row>
                    <entry>sid_ET</entry>
                    <entry>Äthiopien</entry>
                </row>

                <row>
                    <entry morerows="1" valign="middle">Slowakisch</entry>
                    <entry>sk</entry>
                    <entry>---</entry>
                </row>

                <row>
                    <entry>sk_SK</entry>
                    <entry>Slowakei</entry>
                </row>

                <row>
                    <entry morerows="1" valign="middle">Slowenisch</entry>
                    <entry>sl</entry>
                    <entry>---</entry>
                </row>

                <row>
                    <entry>sl_SI</entry>
                    <entry>Slowenien</entry>
                </row>

                <row>
                    <entry morerows="4" valign="middle">Somali</entry>
                    <entry>so</entry>
                    <entry>---</entry>
                </row>

                <row>
                    <entry>so_DJ</entry>
                    <entry>Dschibuti</entry>
                </row>

                <row>
                    <entry>so_ET</entry>
                    <entry>Äthiopien</entry>
                </row>

                <row>
                    <entry>so_KE</entry>
                    <entry>Kenia</entry>
                </row>

                <row>
                    <entry>so_SO</entry>
                    <entry>Somalia</entry>
                </row>

                <row>
                    <entry morerows="1" valign="middle">Albanisch</entry>
                    <entry>sq</entry>
                    <entry>---</entry>
                </row>

                <row>
                    <entry>sq_AL</entry>
                    <entry>Albanien</entry>
                </row>

                <row>
                    <entry morerows="5" valign="middle">Serbisch</entry>
                    <entry>sr</entry>
                    <entry>---</entry>
                </row>

                <row>
                    <entry>sr_BA</entry>
                    <entry>Bosnien und Herzegowina</entry>
                </row>

                <row>
                    <entry>sr_CS</entry>
                    <entry>Serbien und Montenegro</entry>
                </row>

                <row>
                    <entry>sr_ME</entry>
                    <entry>Montenegro</entry>
                </row>

                <row>
                    <entry>sr_RS</entry>
                    <entry>Serbien</entry>
                </row>

                <row>
                    <entry>sr_YU</entry>
                    <entry>Serbien</entry>
                </row>

                <row>
                    <entry morerows="2" valign="middle">Swazi</entry>
                    <entry>ss</entry>
                    <entry>---</entry>
                </row>

                <row>
                    <entry>ss_SZ</entry>
                    <entry>Swasiland</entry>
                </row>

                <row>
                    <entry>ss_ZA</entry>
                    <entry>Südafrika</entry>
                </row>

                <row>
                    <entry morerows="2" valign="middle">Süd-Sotho-Sprache</entry>
                    <entry>st</entry>
                    <entry>---</entry>
                </row>

                <row>
                    <entry>st_LS</entry>
                    <entry>Lesotho</entry>
                </row>

                <row>
                    <entry>st_ZA</entry>
                    <entry>Südafrika</entry>
                </row>

                <row>
                    <entry morerows="2" valign="middle">Schwedisch</entry>
                    <entry>sv</entry>
                    <entry>---</entry>
                </row>

                <row>
                    <entry>sv_FI</entry>
                    <entry>Finnland</entry>
                </row>

                <row>
                    <entry>sv_SE</entry>
                    <entry>Schweden</entry>
                </row>

                <row>
                    <entry morerows="2" valign="middle">Suaheli</entry>
                    <entry>sw</entry>
                    <entry>---</entry>
                </row>

                <row>
                    <entry>sw_KE</entry>
                    <entry>Kenia</entry>
                </row>

                <row>
                    <entry>sw_TZ</entry>
                    <entry>Tansania</entry>
                </row>

                <row>
                    <entry morerows="1" valign="middle">Syrisch</entry>
                    <entry>syr</entry>
                    <entry>---</entry>
                </row>

                <row>
                    <entry>syr_SY</entry>
                    <entry>Syrien</entry>
                </row>

                <row>
                    <entry morerows="1" valign="middle">Tamilisch</entry>
                    <entry>ta</entry>
                    <entry>---</entry>
                </row>

                <row>
                    <entry>ta_IN</entry>
                    <entry>Indien</entry>
                </row>

                <row>
                    <entry morerows="1" valign="middle">Telugu</entry>
                    <entry>te</entry>
                    <entry>---</entry>
                </row>

                <row>
                    <entry>te_IN</entry>
                    <entry>Indien</entry>
                </row>

                <row>
                    <entry morerows="1" valign="middle">Tadschikisch</entry>
                    <entry>tg</entry>
                    <entry>---</entry>
                </row>

                <row>
                    <entry>tg_TJ</entry>
                    <entry>Tadschikistan</entry>
                </row>

                <row>
                    <entry morerows="1" valign="middle">Thailändisch</entry>
                    <entry>th</entry>
                    <entry>---</entry>
                </row>

                <row>
                    <entry>th_TH</entry>
                    <entry>Thailand</entry>
                </row>

                <row>
                    <entry morerows="2" valign="middle">Tigrinja</entry>
                    <entry>ti</entry>
                    <entry>---</entry>
                </row>

                <row>
                    <entry>ti_ER</entry>
                    <entry>Eritrea</entry>
                </row>

                <row>
                    <entry>ti_ET</entry>
                    <entry>Äthiopien</entry>
                </row>

                <row>
                    <entry morerows="1" valign="middle">Tigre</entry>
                    <entry>tig</entry>
                    <entry>---</entry>
                </row>

                <row>
                    <entry>tig_ER</entry>
                    <entry>Eritrea</entry>
                </row>

                <row>
                    <entry>Tagalog</entry>
                    <entry>tl</entry>
                    <entry>---</entry>
                </row>

                <row>
                    <entry morerows="1" valign="middle">Tswana-Sprache</entry>
                    <entry>tn</entry>
                    <entry>---</entry>
                </row>

                <row>
                    <entry>tn_ZA</entry>
                    <entry>Südafrika</entry>
                </row>

                <row>
                    <entry morerows="1" valign="middle">Tongaisch</entry>
                    <entry>to</entry>
                    <entry>---</entry>
                </row>

                <row>
                    <entry>to_TO</entry>
                    <entry>Tonga</entry>
                </row>

                <row>
                    <entry morerows="1" valign="middle">Türkisch</entry>
                    <entry>tr</entry>
                    <entry>---</entry>
                </row>

                <row>
                    <entry>tr_TR</entry>
                    <entry>Türkei</entry>
                </row>

                <row>
                    <entry morerows="1" valign="middle">Taroko</entry>
                    <entry>trv</entry>
                    <entry>---</entry>
                </row>

                <row>
                    <entry>trv_TW</entry>
                    <entry>Taiwan</entry>
                </row>

                <row>
                    <entry morerows="1" valign="middle">Tsonga</entry>
                    <entry>ts</entry>
                    <entry>---</entry>
                </row>

                <row>
                    <entry>ts_ZA</entry>
                    <entry>Südafrika</entry>
                </row>

                <row>
                    <entry morerows="1" valign="middle">Tatarisch</entry>
                    <entry>tt</entry>
                    <entry>---</entry>
                </row>

                <row>
                    <entry>tt_RU</entry>
                    <entry>Russische Föderation</entry>
                </row>

                <row>
                    <entry morerows="1" valign="middle">Uigurisch</entry>
                    <entry>ug</entry>
                    <entry>---</entry>
                </row>

                <row>
                    <entry>ug_CN</entry>
                    <entry>China</entry>
                </row>

                <row>
                    <entry morerows="1" valign="middle">Ukrainisch</entry>
                    <entry>uk</entry>
                    <entry>---</entry>
                </row>

                <row>
                    <entry>uk_UA</entry>
                    <entry>Ukraine</entry>
                </row>

                <row>
                    <entry morerows="2" valign="middle">Urdu</entry>
                    <entry>ur</entry>
                    <entry>---</entry>
                </row>

                <row>
                    <entry>ur_IN</entry>
                    <entry>Indien</entry>
                </row>

                <row>
                    <entry>ur_PK</entry>
                    <entry>Pakistan</entry>
                </row>

                <row>
                    <entry morerows="2" valign="middle">Usbekisch</entry>
                    <entry>uz</entry>
                    <entry>---</entry>
                </row>

                <row>
                    <entry>uz_AF</entry>
                    <entry>Afghanistan</entry>
                </row>

                <row>
                    <entry>uz_UZ</entry>
                    <entry>Usbekistan</entry>
                </row>

                <row>
                    <entry morerows="1" valign="middle">Venda-Sprache</entry>
                    <entry>ve</entry>
                    <entry>---</entry>
                </row>

                <row>
                    <entry>ve_ZA</entry>
                    <entry>Südafrika</entry>
                </row>

                <row>
                    <entry morerows="1" valign="middle">Vietnamesisch</entry>
                    <entry>vi</entry>
                    <entry>---</entry>
                </row>

                <row>
                    <entry>vi_VN</entry>
                    <entry>Vietnam</entry>
                </row>

                <row>
                    <entry morerows="1" valign="middle">Walamo-Sprache</entry>
                    <entry>wal</entry>
                    <entry>---</entry>
                </row>

                <row>
                    <entry>wal_ET</entry>
                    <entry>Äthiopien</entry>
                </row>

                <row>
                    <entry morerows="1" valign="middle">Wolof</entry>
                    <entry>wo</entry>
                    <entry>---</entry>
                </row>

                <row>
                    <entry>wo_SN</entry>
                    <entry>Senegal</entry>
                </row>

                <row>
                    <entry morerows="1" valign="middle">Xhosa</entry>
                    <entry>xh</entry>
                    <entry>---</entry>
                </row>

                <row>
                    <entry>xh_ZA</entry>
                    <entry>Südafrika</entry>
                </row>

                <row>
                    <entry morerows="1" valign="middle">Yoruba</entry>
                    <entry>yo</entry>
                    <entry>---</entry>
                </row>

                <row>
                    <entry>yo_NG</entry>
                    <entry>Nigeria</entry>
                </row>

                <row>
                    <entry morerows="5" valign="middle">Chinesisch</entry>
                    <entry>zh</entry>
                    <entry>---</entry>
                </row>

                <row>
                    <entry>zh_CN</entry>
                    <entry>China</entry>
                </row>

                <row>
                    <entry>zh_HK</entry>
                    <entry>Hongkong</entry>
                </row>

                <row>
                    <entry>zh_MO</entry>
                    <entry>Macao</entry>
                </row>

                <row>
                    <entry>zh_SG</entry>
                    <entry>Singapur</entry>
                </row>

                <row>
                    <entry>zh_TW</entry>
                    <entry>Taiwan</entry>
                </row>

                <row>
                    <entry morerows="1" valign="middle">Zulu</entry>
                    <entry>zu</entry>
                    <entry>---</entry>
                </row>

                <row>
                    <entry>zu_ZA</entry>
                    <entry>Südafrika</entry>
                </row>
            </tbody>
        </tgroup>
    </table>
</sect1>
