<?xml version="1.0" encoding="UTF-8"?>
<!-- EN-Revision: 24249 -->
<!-- Reviewed: no -->
<sect1 id="zend.feed.findFeeds">
    <title>Feeds von Websites abrufen</title>

    <para>
        Websites beinhalten oft <emphasis>&lt;link&gt;</emphasis> Tags, die auf Feeds mit für diese
        Seite relevanten Informationen verweisen. <classname>Zend_Feed</classname> ermöglicht Dir,
        mit einem einfachen Methodenaufruf alle von einer Webseite referenzierten Feeds abzurufen.
    </para>

    <programlisting language="php"><![CDATA[
$feedArray = Zend_Feed::findFeeds('http://www.example.com/news.html');
]]></programlisting>

    <para>
        Hier gibt die <methodname>findFeeds()</methodname> Methode ein Array mit
        <classname>Zend_Feed_Abstract</classname> Objekten zurück, die durch die
        <emphasis>&lt;link&gt;</emphasis> Tags der <filename>news.html</filename> Webseite
        referenziert worden sind. Abhängig vom Typ jedes Feeds kann jeder einzelne Eintrag in
        <varname>$feedArray</varname> eine <classname>Zend_Feed_Rss</classname> oder
        <classname>Zend_Feed_Atom</classname> Instanz enthalten. Bei Fehlern, wie z.B. ein
        <acronym>HTTP</acronym> 404 Response Code oder ein nicht wohlgeformter Feed, wirft
        <classname>Zend_Feed</classname> eine <classname>Zend_Feed_Exception</classname>.
    </para>
</sect1>
