<?xml version="1.0" encoding="UTF-8"?>
<!-- EN-Revision: 24249 -->
<!-- Reviewed: no -->
<sect1 id="zend.form.introduction">
    <title>Zend_Form</title>

    <para>
        <classname>Zend_Form</classname> vereinfacht die Erstellung und Handhabung von Formularen in
        einer Webanwendung. Es erfüllt die folgenden Ziele:
    </para>

    <itemizedlist>
        <listitem><para>Element Eingabefilterung und Prüfung</para></listitem>
        <listitem><para>Elementreihung</para></listitem>
        <listitem><para>Element- und Formulardarstellung, inklusive Escaping</para></listitem>
        <listitem><para>Element- und Formulargruppierung</para></listitem>
        <listitem><para>Element- und Formular-Level-Konfiguration</para></listitem>
    </itemizedlist>

    <para>
        <classname>Zend_Form</classname> verwendet sehr stark andere Zend Framework Komponenten, um
        seine Ziele zu erfüllen. Dies umfasst <classname>Zend_Config</classname>,
        <classname>Zend_Validate</classname>, <classname>Zend_Filter</classname>,
        <classname>Zend_Loader_PluginLoader</classname>, und optional
        <classname>Zend_View</classname>.
    </para>
</sect1>
