<sect1 id="zend.json.basics">
    <title>إستخدامات بسيطة</title>
    <para>
        إستخدام <code>Zend_Json</code> يتطلب إستخدام إثنان من الـ public static methods المتوفرة :
        <code>()Zend_Json::encode</code> و <code>()Zend_Json::decode</code>.
    </para>
    <programlisting role="php"><![CDATA[<?php
// Retrieve a value:
$phpNative = Zend_Json::decode($encodedValue);

// Encode it to return to the client:
$json = Zend_Json::encode($phpNative);
?>]]></programlisting>
</sect1>
<!--
vim:se ts=4 sw=4 et:
-->